occupation_level4_number,occupation_level4,n_sickcase_per1000,n_sickcase_per1000_f,n_sickcase_per1000_m,avg_sickdays,avg_sickdays_f,avg_sickdays_m,n_emp,n_emp_f,n_emp_m,stw_pay_quota_2014,stw_pay_quota_2015,stw_pay_quota_2016,stw_pay_quota_2017,stw_pay_quota_2018,uw_pay_quota_2014,uw_pay_quota_2015,uw_pay_quota_2016,uw_pay_quota_2017,uw_pay_quota_2018
3439,3439 -  Övriga yrken inom kultur och underhållning,73.9,86,62.8,5.5,5.9,5.1,731,349,382,..,..,..,..,..,..,115,..,110,..
2641,2641 -  Författare m.fl.,61.8,71.9,51.5,6,7,5,939,473,466,..,..,..,..,..,86,89,90,..,..
4430,4430 -  Förtroendevalda,73.8,86.8,63.2,8.1,7.1,9,800,357,443,..,..,..,..,..,106,..,..,..,..
1242,"1242 -  Informations-, kommunikations - och PR-chefer, nivå 2",51.2,72.4,28.3,5.4,6.7,4,2051,1063,988,..,92,94,97,89,..,92,99,99,88
1742,"1742 -  Chefer inom friskvård, sport och fritid, nivå 2",61.1,61.9,60.5,7.6,9.4,6.1,1129,517,612,..,..,..,..,98,..,..,..,70,95
2164,2164 -  Lantmätare,74.5,75.6,73.2,7.3,8.9,5.5,685,357,328,97,97,..,..,..,94,92,..,88,89
2655,2655 -  Skådespelare,61.1,65.9,55.1,5.7,6.5,4.7,1130,622,508,..,100,..,..,..,..,101,100,..,..
5241,5241 -  Eventsäljare och butiksdemonstratörer m.fl.,51.7,59.8,41.1,7,7.8,5.9,1452,819,633,..,94,91,..,..,90,91,88,96,..
5419,5419 -  Övrig bevaknings- och säkerhetspersonal,98.4,123.8,72.1,9.2,11.6,6.8,5061,2577,2484,97,..,..,..,..,95,100,99,91,94
1113,1113 -  Chefstjänstemän i intresseorganisationer,56.3,71.1,42.6,4.9,6.3,3.5,817,394,423,..,..,..,..,..,..,..,93,..,..
1592,"1592 -  Övriga verksamhetschefer inom samhällsservice, nivå 2",69.9,88.6,50.7,5.9,7.6,4.2,11046,5601,5445,94,95,95,94,94,96,96,98,97,98
1721,"1721 -  Restaurang- och kökschefer, nivå 1",87.4,109,68,8.3,10.5,6.3,2094,991,1103,..,..,..,..,..,102,106,102,92,94
2134,2134 -  Specialister och rådgivare inom lantbruk m.m.,55.2,78.3,28.1,6,7.2,4.6,851,460,391,..,..,..,89,..,95,97,..,87,92
2181,"2181 -  Arbetsmiljöingenjörer, yrkes- och miljöhygieniker",64.3,85.8,44.8,8,10.4,5.8,1400,664,736,101,100,100,98,97,97,99,100,98,100
2183,2183 -  Specialister inom miljöskydd och miljöteknik,67.8,87.1,43,6.7,7.7,5.3,2447,1377,1070,94,101,94,98,100,92,99,95,97,99
2320,2320 -  Lärare i yrkesämnen,82.9,106.9,63.4,9.5,11.8,7.7,9509,4255,5254,98,97,99,98,98,96,97,99,98,99
2652,"2652 -  Musiker, sångare och kompositörer",72.5,94.3,50.1,6.6,8.6,4.6,4179,2122,2057,97,97,95,98,100,97,96,95,98,101
3449,3449 -  Övriga utbildare och instruktörer,91.9,127.1,55.6,9.9,13,6.8,4166,2117,2049,..,..,..,..,..,92,93,85,99,96
5112,5112 -  Tågvärdar och ombordansvariga m.fl.,145.2,187.7,104.8,12.1,15.8,8.5,4620,2254,2366,98,98,98,99,96,97,97,97,98,96
5113,5113 -  Guider och reseledare,44.6,52.9,33.5,5,5.8,4.1,763,435,328,..,..,..,..,..,109,..,92,94,..
5161,5161 -  Begravnings- och krematoriepersonal,104.6,130.8,76.9,12.5,16.1,8.8,1176,604,572,93,..,..,..,..,92,95,92,86,82
7612,7612 -  Bagare och konditorer,88.8,113.6,67.7,8.1,10.2,6.3,3255,1496,1759,..,..,..,..,..,101,96,99,92,94
1211,"1211 -  Ekonomi- och finanschefer, nivå 1",40.4,52.7,29.2,4,5.2,2.8,6110,2923,3187,75,77,80,81,77,69,72,70,75,72
1591,"1591 -  Övriga chefer inom samhällsservice, nivå 1",45.9,60.5,33.2,3.8,4.9,2.8,4506,2098,2408,94,94,95,94,93,96,95,96,95,95
1722,"1722 -  Restaurang- och kökschefer, nivå 2",73.8,90.9,64.3,8.7,9.7,8.2,4744,1694,3050,..,..,..,..,..,96,91,99,95,105
2671,2671 -  Präster,107,141.7,70.1,12.6,16.6,8.4,2468,1270,1198,100,99,98,104,99,100,100,98,105,99
3214,3214 -  Tandtekniker och ortopedingenjörer m.fl.,79.4,97,65.2,6.7,8.6,5.2,3264,1453,1811,..,99,94,92,93,94,96,92,89,90
3314,3314 -  Skadereglerare och värderare,88.9,120,50.9,10.1,12.5,7.1,5401,2967,2434,92,94,94,95,96,91,92,93,94,95
3324,3324 -  Ordersamordnare m.fl.,79.1,101.8,58.8,7.8,10.2,5.6,14695,6952,7743,93,89,91,92,93,91,89,91,92,93
3334,3334 -  Fastighetsmäklare,56.5,82.9,29.7,6.5,8.7,4.1,3537,1785,1752,..,..,..,..,..,..,..,..,..,78
3515,3515 -  Webbmaster och webbadministratörer,61.8,87.2,36.7,6.6,9,4.4,1893,940,953,..,..,..,103,..,91,91,95,109,107
8151,"8151 -  Maskinoperatörer, blekning, färgning och tvättning",136.3,169.4,93.3,12.3,14.5,9.4,2787,1576,1211,99,98,100,..,..,99,99,102,101,103
9629,9629 -  Övriga servicearbetare,239.9,297,197,27.6,35.3,21.8,24999,10718,14281,99,100,100,100,100,100,100,101,101,100
2122,2122 -  Statistiker,52.8,75.5,31.4,5,7,3.1,1232,596,636,96,96,95,94,95,94,97,93,92,93
2131,2131 -  Cell- och molekylärbiologer m.fl.,36.1,52.6,21.4,3.9,5.3,2.6,1496,703,793,..,99,95,97,99,93,100,95,96,100
3321,3321 -  Försäkringssäljare och försäkringsrådgivare,76.5,109.7,44,7.9,10.9,4.9,10262,5079,5183,82,83,81,79,81,80,81,80,77,79
3331,3331 -  Speditörer och transportmäklare,78.3,114.7,43.3,7,9.7,4.5,4304,2110,2194,85,..,..,93,..,86,96,91,93,90
3422,3422 -  Idrottstränare och instruktörer m.fl.,65.5,91.5,43.2,7,9.4,4.9,5523,2557,2966,..,102,102,98,..,94,101,96,97,88
1292,"1292 -  Övriga administrations- och servicechefer, nivå 2",57.2,78.5,40.4,6.1,8.4,4.3,12654,5593,7061,89,89,88,97,88,88,88,85,92,87
1411,"1411 -  Avdelningschefer inom grund- och gymnasieskola samt vuxenutbildning, nivå 1",41.8,44.6,37.7,4.4,5.2,3.1,789,471,318,92,96,95,..,94,92,97,96,89,93
1412,"1412 -  Rektorer, nivå 2",62.7,70.1,48.8,6.6,7.2,5.5,9117,5979,3138,98,97,97,98,98,98,98,98,99,98
1792,"1792 -  Chefer inom övrig servicenäring, nivå 2",67.7,100.8,46.8,7.7,10,6.3,4595,1775,2820,98,99,99,93,92,100,106,101,96,95
2145,2145 -  Civilingenjörsyrken inom kemi och kemiteknik,63.3,86.5,41.7,5.8,8.2,3.6,4501,2173,2328,94,92,90,92,93,94,92,90,91,93
2172,2172 -  Grafisk formgivare m.fl.,57.4,83.2,33.9,6,8.6,3.7,6082,2895,3187,89,93,..,96,96,90,92,91,97,96
2211,2211 -  Specialistläkare,74.3,99.4,50.3,8,11.6,4.6,20413,9969,10444,91,90,94,93,95,92,90,94,94,94
2319,2319 -  Övriga universitets- och högskollärare,60.3,84.2,32.1,7.6,10.1,4.6,6848,3704,3144,96,96,95,96,96,96,95,95,95,96
2431,2431 -  Marknadsanalytiker och marknadsförare m.fl.,51.8,71,34.7,4.8,7,3,17651,8342,9309,90,83,89,92,89,87,81,88,91,87
2642,2642 -  Journalister m.fl.,75.6,102.6,47,7.7,10.8,4.4,9432,4856,4576,95,96,98,97,100,94,95,99,96,99
3117,3117 -  GIS- och kartingenjörer,92.7,126.2,69.1,9.1,12.1,7,1952,808,1144,97,103,98,98,97,98,104,98,97,97
3323,3323 -  Inköpare och upphandlare,59.3,80.7,43.4,5.5,7.4,4.2,16940,7199,9741,94,93,95,96,95,92,90,92,95,95
3339,3339 -  Övriga förmedlare,70,90.7,53.9,8.5,11.8,6,2684,1180,1504,..,..,..,..,..,103,93,101,97,88
3411,3411 -  Behandlingsassistenter och socialpedagoger m.fl.,153.1,183.5,111,14.8,18.2,10.3,23365,13566,9799,101,99,99,99,100,101,100,100,100,101
8131,"8131 -  Maskinoperatörer, farmaceutiska produkter",136.5,176,99.1,12,17.1,7.2,3393,1648,1745,92,94,95,96,97,93,94,95,96,97
8159,"8159 -  Övriga maskinoperatörer, textil-, skinn- och läderindustri",140.7,177.2,102.8,11.6,16.1,6.8,2140,1089,1051,90,92,..,95,94,90,92,89,94,93
8161,"8161 -  Maskinoperatörer, kött- och fiskberedningsindustri",136.5,181.4,107.9,10.6,13.6,8.7,4477,1742,2735,..,..,..,95,97,95,96,97,97,96
2163,2163 -  Planeringsarkitekter m.fl.,81.7,109.9,39.7,8.6,10.6,5.7,2889,1729,1160,90,96,96,100,98,85,93,94,95,97
2412,2412 -  Controller,44.3,60.3,25.9,4.2,5.7,2.4,10062,5393,4669,89,89,88,91,90,89,89,88,91,88
2614,2614 -  Affärs- och företagsjurister,42.4,57.6,25.3,3.9,5.4,2.1,5004,2637,2367,91,90,92,90,98,84,84,91,86,94
3215,3215 -  Laboratorieingenjörer,69.5,92.2,44.1,5.9,8.2,3.3,8292,4373,3919,93,87,92,93,94,95,86,93,93,94
3332,3332 -  Evenemangs- och reseproducenter m.fl.,64.9,71,55.6,6.7,8.1,4.6,1680,1014,666,..,..,..,..,..,101,107,91,85,84
3423,3423 -  Fritidsledare m.fl.,114.8,141.9,77.9,12.2,15.6,7.6,13366,7715,5651,99,97,98,99,100,101,98,99,102,103
5131,5131 -  Hovmästare och servitörer,72.6,84.3,52.7,6,6.9,4.6,14682,9270,5412,..,99,..,96,98,94,97,96,95,96
5169,5169 -  Övrig servicepersonal,76.4,98.8,58.2,7.3,10.5,4.8,1871,840,1031,..,..,..,94,..,..,103,103,92,114
5225,5225 -  Bensinstationspersonal,77.4,97.1,49.7,8.1,10.1,5.2,3487,2039,1448,..,..,..,..,..,101,94,104,89,102
5341,5341 -  Skötare,156,187.7,105.4,15.9,18.9,11.2,15844,9741,6103,98,98,98,99,99,99,98,99,99,99
8163,"8163 -  Maskinoperatörer, kvarn-, bageri- och konfektyrindustri",126.8,183.5,89.2,9.7,13.2,7.4,4101,1635,2466,98,96,..,..,96,98,95,97,98,96
1492,"1492 -  Övriga verksamhetschefer inom utbildning, nivå 2",58.5,84,35.6,6.4,9.6,3.5,854,405,449,..,..,..,..,..,..,..,..,..,..
1612,"1612 -  Chefer inom bank, finans och försäkring, nivå 2",40.8,63.5,23.6,3.7,5.4,2.4,3578,1543,2035,89,86,94,81,81,86,85,91,80,81
2132,2132 -  Växt- och djurbiologer,72.3,110.2,32.5,6.8,10,3.5,692,354,338,97,..,97,100,..,95,98,95,96,98
2161,2161 -  Arkitekter m.fl.,67.3,91.6,38.8,6.1,8.5,3.2,5142,2772,2370,..,..,..,99,..,103,99,98,97,95
2219,2219 -  Övriga läkare,59.3,83.7,31,5,6.9,2.7,4793,2570,2223,92,94,100,100,97,93,94,96,100,100
2313,2313 -  Forskarassistenter m.fl.,42,71.1,20,3.2,4.7,2.1,1405,605,800,90,95,98,98,98,86,95,97,98,98
2314,2314 -  Doktorander,56.6,88.1,29.1,6.6,9.9,3.6,12255,5721,6534,97,97,98,98,98,98,98,98,98,98
2330,2330 -  Gymnasielärare,75.1,96.4,44.8,8,10.1,4.9,29282,17168,12114,99,99,99,100,100,99,99,100,101,101
2613,2613 -  Åklagare,75.1,98.9,39.9,5.5,6.9,3.5,932,556,376,96,96,96,96,97,92,92,92,92,93
2669,2669 -  Övriga yrken inom socialt arbete,136.3,160,91.4,12.4,14.3,9,2252,1475,777,99,100,..,103,101,100,102,100,109,105
3341,3341 -  Gruppledare för kontorspersonal,66,85.6,38.9,6.1,7.8,3.7,4847,2815,2032,88,91,96,91,89,87,89,95,89,90
4212,4212 -  Inkasserare och pantlånare m.fl.,94.1,120.3,45.6,7.8,8.8,5.7,1063,690,373,..,..,..,..,..,95,83,102,96,101
4420,4420 -  Brevbärare och postterminalarbetare,120.6,157.9,98.8,9.3,12.5,7.5,16123,5941,10182,99,..,..,..,..,99,..,..,..,..
5120,5120 -  Kockar och kallskänkor,122.3,163.1,68.7,11,14.6,6.3,33792,19185,14607,97,98,96,96,97,98,98,96,97,95
5221,5221 -  Säljande butikschefer och avdelningschefer i butik,85,108.8,53.5,8.9,11.8,5.1,24325,13856,10469,93,91,87,86,..,89,90,86,82,75
5242,5242 -  Telefonförsäljare m.fl.,96.8,138.2,68.6,10.3,14.8,7.2,5943,2403,3540,100,..,..,95,98,98,101,96,97,99
6112,6112 -  Trädgårdsodlare,80,92.4,70.7,9,12.9,6,2525,1082,1443,..,..,..,..,..,97,92,92,90,91
8181,"8181 -  Maskinoperatörer, påfyllning, packning och märkning",125.2,166.4,104.2,10.8,13.9,9.1,4551,1538,3013,..,94,95,96,97,101,94,96,96,97
9320,9320 -  Handpaketerare och andra fabriksarbetare,115.8,152.2,92.2,11.4,16,8.4,9777,3844,5933,94,92,94,97,98,95,93,96,97,98
1112,"1112 -  General-, landstings- och kommundirektörer m.fl.",28.2,37.4,20,2.2,3.5,1.1,2375,1122,1253,97,98,98,99,100,97,98,98,99,100
1212,"1212 -  Ekonomi- och finanschefer, nivå 2",49.3,63.8,28.5,4.5,5.8,2.7,8682,5107,3575,78,82,83,91,89,71,70,80,85,85
1222,"1222 -  Personal- och HR-chefer, nivå 2",61.8,78,37.3,5.8,7.4,3.5,3966,2384,1582,98,89,92,99,94,101,93,98,102,95
1291,"1291 -  Övriga administrations- och servicechefer, nivå 1",46.3,71.4,29.4,4.9,7.2,3.3,6416,2578,3838,90,..,79,84,..,90,76,75,84,..
1521,"1521 -  Avdelningschefer inom socialt och kurativt arbete, nivå 1",77.1,89.1,49.1,6.8,7.4,5.5,882,617,265,..,..,..,..,98,101,104,105,..,102
1611,"1611 -  Chefer inom bank, finans och försäkring, nivå 1",22.1,33.9,15.5,1.4,1.9,1.1,1310,472,838,68,72,70,71,71,67,72,68,70,69
2162,2162 -  Landskapsarkitekter,68,100.5,36.2,6.9,10.7,3.1,1588,786,802,97,..,..,99,97,97,97,95,97,95
2312,2312 -  Universitets- och högskolelektorer,51.6,73.6,33.2,5.4,8.3,2.9,7804,3558,4246,97,97,97,97,97,97,97,97,97,97
2415,2415 -  Nationalekonomer och makroanalytiker m.fl.,49.2,77.6,25.2,3.5,5.4,2,1241,567,674,93,97,95,..,..,86,95,91,91,97
3441,3441 -  Trafiklärare,88.5,126.5,67.6,10.5,14.3,8.3,1423,506,917,..,..,..,..,..,..,..,..,..,..
4115,4115 -  Inköps- och orderassistenter,70.2,81.2,48.8,6.4,7.3,4.5,7307,4829,2478,90,91,88,..,91,91,89,92,99,90
5223,"5223 -  Butikssäljare, fackhandel",86.8,105.5,56.8,8.3,10.2,5.3,89068,54800,34268,93,92,94,97,96,92,92,92,96,95
5412,5412 -  Kriminalvårdare,121.3,157,99.7,12,16.9,9,7401,2796,4605,98,98,98,98,98,98,98,97,97,97
9210,9210 -  Bärplockare och plantörer m.fl.,79.9,104.6,66.1,8.3,11.5,6.6,2617,937,1680,..,..,..,..,..,109,101,97,90,98
1230,1230 -  Förvaltnings- och planeringschefer,39.2,62.3,25.2,4,6,2.8,9906,3722,6184,93,92,87,89,89,96,93,83,86,89
1522,"1522 -  Enhetschefer inom socialt och kurativt arbete, nivå 2",96.5,107.1,68.9,8.2,8.8,6.7,3720,2689,1031,101,100,102,101,100,102,101,104,105,102
2226,2226 -  Ambulanssjuksköterskor m.fl.,102,157.6,63.3,7.1,11,4.4,2519,1034,1485,99,100,99,99,98,99,100,98,98,97
2260,2260 -  Tandläkare,114.9,145.9,60.7,9.4,11.5,5.7,5307,3378,1929,96,94,91,..,95,97,94,91,94,93
2311,2311 -  Professorer,34.4,51.6,24.2,3.6,5.3,2.5,6256,2325,3931,91,92,91,97,98,87,86,90,97,98
2359,2359 -  Övriga pedagoger med teoretisk specialistkompetens,91.4,113.1,56.3,8.5,10.6,5.1,17088,10554,6534,98,99,99,100,99,97,99,100,101,100
2411,2411 -  Revisorer m.fl.,52,69.7,26.8,4.9,6.6,2.6,11131,6542,4589,95,92,92,89,91,92,89,89,86,90
3412,3412 -  Pastorer m.fl.,73.8,106.7,56,7.2,10.2,5.5,854,300,554,..,..,..,..,..,..,..,..,..,..
4222,4222 -  Kundtjänstpersonal,95.1,117.3,62.4,9.1,11.9,5,23008,13672,9336,92,97,97,97,95,93,100,102,101,98
8141,"8141 -  Maskinoperatörer, gummiindustri",122,164.6,104.8,10.4,12.9,9.4,1968,565,1403,94,99,..,94,97,94,100,89,94,97
2284,2284 -  Optiker,85.3,105.1,34.4,9.9,11,7.2,1559,1123,436,..,..,..,..,..,119,83,..,91,103
2654,"2654 -  Regissörer och producenter av film, teater m.m.",52.7,92.8,23.7,5.4,8.6,3,1385,582,803,..,..,..,..,..,116,112,101,103,101
3154,3154 -  Flygledare,55.6,81.6,37.3,3.2,5.1,1.8,684,282,402,100,..,98,98,97,105,..,97,101,101
3333,3333 -  Arbetsförmedlare,133.3,157.4,87.9,15.6,19,9.2,16222,10590,5632,101,101,100,102,101,100,100,100,103,101
3335,3335 -  Fastighetsförvaltare,61.7,86,49,6.4,9.4,4.8,4719,1617,3102,98,91,96,94,..,96,90,93,94,89
4221,4221 -  Resesäljare och trafikassistenter m.fl.,101,110.3,75.2,8.5,9.2,6.6,6625,4869,1756,92,95,97,99,96,92,94,98,99,96
5132,5132 -  Bartendrar,69.4,101.3,53.4,5,7.3,3.9,2695,898,1797,..,..,..,..,..,92,102,100,93,93
5312,5312 -  Elevassistenter m.fl.,128.9,161.3,78.4,11.5,15,6.1,30741,18752,11989,100,100,100,100,100,102,103,103,103,102
5349,5349 -  Övrig vård- och omsorgspersonal,104.5,126.7,57,11.9,13.9,7.6,10825,7371,3454,..,100,97,99,100,103,103,98,100,102
7321,7321 -  Prepresstekniker,72.3,84,64.7,5.1,7.9,3.3,1550,607,943,..,..,91,94,..,93,94,89,93,92
8169,8169 -  Övriga maskinoperatörer inom livsmedelsindustri m.m.,117.8,161.4,95.5,9.5,14.1,7.2,4355,1475,2880,..,96,98,99,100,92,97,99,99,100
9622,9622 -  Vaktmästare m.fl.,95.8,117.5,90.2,9.9,10.6,9.7,6533,1345,5188,..,97,..,96,98,84,95,98,96,93
1332,"1332 -  Forsknings- och utvecklingschefer, nivå 2",34.9,53.8,27,2.9,4.1,2.3,3264,967,2297,91,..,94,99,93,89,96,93,104,93
1712,"1712 -  Hotell- och konferenschefer, nivå 2",66.2,79.8,43.3,8.2,10.6,4.2,801,501,300,..,..,..,..,..,..,..,..,..,..
2182,2182 -  Miljö- och hälsoskyddsinspektörer,84.5,100.9,46.7,9.5,11,6,3467,2418,1049,98,97,97,100,99,93,91,94,98,95
2213,2213 -  AT-läkare,60.9,89.9,20.3,4.1,5.6,1.9,2724,1591,1133,98,97,97,100,100,98,97,98,100,100
2421,2421 -  Lednings- och organisationsutvecklare,44.8,69.5,28.8,4.1,6.6,2.5,17198,6766,10432,87,92,91,92,89,87,92,92,91,86
2422,2422 -  Planerare och utredare m.fl.,85.7,106.2,49.3,8.4,10.6,4.6,62135,39711,22424,92,92,92,92,93,91,91,92,92,93
2612,2612 -  Domare,44.2,57,24,5.1,6.7,2.6,1608,982,626,98,98,97,96,97,91,90,89,90,91
2621,2621 -  Museiintendenter m.fl.,71,86.1,44,7.8,9.7,4.3,1844,1185,659,85,97,..,..,..,83,99,99,101,98
3115,3115 -  Ingenjörer och tekniker inom kemi och kemiteknik,66.2,99.8,49.5,6.6,9.9,5,3234,1072,2162,..,98,95,88,90,98,101,96,89,93
3431,3431 -  Fotografer,57.2,85.2,41,5.1,8.2,3.3,2080,763,1317,101,107,..,..,..,99,100,93,91,105
3513,3513 -  Systemadministratörer,59.4,85.4,49.7,6,8,5.2,3484,948,2536,..,93,94,..,89,99,93,94,87,91
4113,4113 -  Backofficepersonal m.fl.,64.6,83.3,33.6,7.2,9.2,3.8,1981,1237,744,..,..,..,92,..,94,102,98,94,90
5222,"5222 -  Butikssäljare, dagligvaror",94.3,112,57.6,8.7,10.3,5.3,69671,46996,22675,100,98,100,99,97,99,98,98,98,97
6121,6121 -  Uppfödare och skötare av lantbrukets husdjur,69,99.5,57.6,7.6,10.6,6.5,11524,3127,8397,..,..,..,100,103,94,96,103,97,104
7319,7319 -  Musikinstrumentmakare och övriga konsthantverkare,124.6,209.5,73.6,10.8,17,7.1,674,253,421,..,..,..,..,..,..,..,..,..,..
8132,"8132 -  Maskinoperatörer, kemisktekniska och fotografiska produkter",107.4,164.4,84.6,9.3,13.4,7.7,1555,444,1111,95,..,..,..,..,95,93,93,95,98
1511,"1511 -  Klinik- och verksamhetschefer inom hälsa och sjukvård, nivå 1",62.4,72.2,39.4,6.1,7.2,3.6,2627,1841,786,81,81,86,85,86,72,70,78,82,79
2113,2113 -  Kemister,50.9,75.4,23.2,6.2,10,2,2847,1511,1336,93,96,95,96,97,90,94,93,96,95
2419,2419 -  Övriga ekonomer,62.4,78.3,35.9,6.6,8.7,3.1,12589,7879,4710,86,88,86,..,86,83,88,84,..,86
2611,2611 -  Advokater,29.3,53.9,15.3,3.4,5.7,2.1,2459,891,1568,..,..,..,..,..,..,87,94,..,96
2643,"2643 -  Översättare, tolkar och lingvister m.fl.",88.6,104,55.2,8.8,10.6,5,1773,1211,562,..,..,..,99,92,98,99,109,102,93
3312,3312 -  Banktjänstemän,75.8,97.7,40,7.5,10.1,3.4,23496,14587,8909,81,81,80,81,82,79,80,80,81,82
4223,4223 -  Telefonister,115.3,137.1,60.1,13,14.9,8.2,4422,3174,1248,97,95,..,..,..,100,100,100,100,102
5230,5230 -  Kassapersonal m.fl.,90.2,104.9,54.3,8.8,10.1,5.6,13423,9519,3904,..,97,96,..,..,107,97,96,95,106
6113,6113 -  Trädgårdsanläggare m.fl.,116.2,149.8,105.8,10.6,14.5,9.4,12286,2918,9368,..,..,..,..,95,101,95,96,94,97
1321,"1321 -  Inköps-, logistik- och transportchefer, nivå 1",37.1,65.2,29.2,3.6,4.9,3.2,3392,751,2641,95,94,..,93,91,97,97,86,93,90
1731,"1731 -  Chefer inom handel, nivå 1",55,91.2,34.7,5.5,9.4,3.2,1528,548,980,86,86,86,85,95,86,85,88,88,92
2212,2212 -  ST-läkare,79.7,110.1,37.5,7.2,10.5,2.6,8671,5043,3628,96,96,96,98,98,97,96,96,98,97
3119,3119 -  Övriga ingenjörer och tekniker,60.9,84.2,54.2,5.5,7.5,4.9,16328,3635,12693,92,92,95,94,92,93,93,95,94,92
3359,3359 -  Övriga handläggare,95.2,112.6,53.7,10.2,12,5.9,16107,11339,4768,95,96,96,96,95,86,86,87,88,88
3360,3360 -  Poliser,92.3,144.2,66,7.3,12.3,4.7,15867,5340,10527,98,98,98,97,97,95,95,96,96,96
3522,"3522 -  Ljus-, ljud och scentekniker",54.2,87.9,48.3,6.3,6.8,6.2,1827,273,1554,101,..,..,..,..,93,97,96,96,101
4226,4226 -  Marknadsundersökare och intervjuare,113.7,137.3,61.9,12.6,15.2,6.9,932,641,291,..,..,..,..,..,..,103,105,..,105
4410,4410 -  Biblioteks- och arkivassistenter m.fl.,115.8,132.9,69.4,12.6,14.4,7.7,3576,2611,965,100,101,101,100,102,97,102,101,99,102
5151,5151 -  Städledare och husfruar,122.5,135.1,85.9,11,12.3,7.1,2187,1628,559,91,89,86,..,90,85,90,85,85,90
7323,7323 -  Bokbindare m.fl.,79.2,92.7,73.9,7.9,12.2,6.2,1276,356,920,..,94,93,93,93,89,94,93,94,95
9411,9411 -  Pizzabagare m.fl.,52.9,79.5,46.8,5.7,7.1,5.4,3404,629,2775,..,..,..,..,..,..,..,..,..,..
1331,"1331 -  Forsknings- och utvecklingschefer, nivå 1",33.2,41.2,30.6,2.6,3.9,2.2,2593,631,1962,102,99,99,101,96,100,97,95,99,94
1352,"1352 -  Fastighets- och förvaltningschefer, nivå 2",45.1,62.3,40.5,5.2,7.3,4.6,2769,594,2175,..,..,..,..,..,..,..,..,93,98
1732,"1732 -  Chefer inom handel, nivå 2",56.6,92.2,43,6.6,10.3,5.1,8350,2322,6028,..,..,..,..,..,85,105,..,111,97
2114,2114 -  Geologer och geofysiker m.fl.,53.4,90.5,34.1,5.8,9.9,3.6,1292,442,850,96,96,90,94,94,94,94,89,92,92
2141,2141 -  Civilingenjörsyrken inom logistik och produktionsplanering,48.8,68.6,40.1,3.7,6.2,2.6,4321,1327,2994,94,93,92,94,92,98,91,93,93,91
2241,2241 -  Psykologer,112.2,130.5,60.6,13.2,15.2,7.6,7316,5403,1913,96,102,99,98,100,95,102,99,100,100
2341,2341 -  Grundskollärare,92.9,104.6,57.5,9,10.2,5.5,100236,75383,24853,100,100,100,101,101,102,102,103,104,104
2342,2342 -  Fritidspedagoger,138,157.2,89,13.3,15.6,7.3,17618,12650,4968,100,100,100,100,100,102,102,103,103,103
2352,2352 -  Studie- och yrkesvägledare,109.3,118.3,75.2,12.2,13.3,8.3,4446,3515,931,98,98,100,100,100,98,97,100,101,101
2413,2413 -  Finansanalytiker och investeringsrådgivare m.fl.,36.8,77.6,16.1,3.3,5.8,2,4597,1547,3050,80,75,75,78,74,79,75,74,76,70
3355,3355 -  Brandingenjörer och byggnadsinspektörer m.fl.,66.7,115.3,45.3,7.1,11.9,5,2863,876,1987,94,96,96,95,95,94,97,97,95,95
4114,4114 -  Marknads- och försäljningsassistenter,76.5,87.3,48.4,7.8,9.2,4.2,10545,7614,2931,83,87,90,94,92,85,92,91,97,94
4224,4224 -  Hotellreceptionister m.fl.,75.3,86.6,42.4,6.8,7.8,4.1,7287,5425,1862,100,98,99,..,..,101,96,99,98,96
5342,"5342 -  Vårdare, boendestödjare",153.7,175.2,93.7,16.5,19,9.8,60116,44294,15822,100,100,100,100,101,101,100,101,101,102
5414,5414 -  SOS-operatörer m.fl.,150.8,195.5,78.8,13.9,19.1,5.5,1359,839,520,..,97,97,97,98,99,97,98,98,98
7322,7322 -  Tryckare,80.9,111.4,75.2,7.8,9.5,7.5,4448,709,3739,89,93,92,88,94,87,90,90,87,95
8143,"8143 -  Maskinoperatörer, pappersvaruindustri",119,151,110.5,9.9,13.9,8.9,3202,669,2533,..,..,..,..,..,96,92,93,94,96
8212,"8212 -  Montörer, elektrisk och elektronisk utrustning",114,165.5,95.4,10.2,15.7,8.2,12458,3306,9152,93,91,93,94,94,93,92,93,94,94
8213,"8213 -  Montörer, metall-, gummi- och plastprodukter",113.9,164.2,98.1,10.4,15.3,8.8,13185,3155,10030,95,92,90,95,94,96,92,92,95,95
8219,8219 -  Övriga montörer,105.5,165.4,85.3,8,12.5,6.5,8132,2056,6076,92,93,97,95,98,92,93,97,95,99
9120,"9120 -  Bilrekonditionerare, fönsterputsare och övriga rengöringsarbetare",102.6,151.5,89.3,9.5,13.5,8.5,5497,1175,4322,..,100,..,108,109,90,98,110,106,116
9412,9412 -  Restaurang- och köksbiträden m.fl.,104.2,129.8,53.5,9.7,12.3,4.5,57551,38257,19294,99,99,100,98,100,98,99,100,97,100
1251,"1251 -  Försäljnings- och marknadschefer, nivå 1",33.2,57.4,25.5,2.9,4.7,2.4,11522,2788,8734,81,97,93,85,86,80,92,92,84,85
1312,"1312 -  IT-chefer, nivå 2",34.8,59.5,28.1,3.2,4.7,2.8,6580,1411,5169,98,89,92,107,109,99,93,96,107,109
2179,2179 -  Övriga designer och formgivare,67.3,86.6,27,8.6,11,3.7,2052,1386,666,..,..,..,..,..,92,..,82,79,83
2223,2223 -  Anestesisjuksköterskor,112.1,121.7,82.4,9.1,10.2,5.4,3255,2466,789,99,99,99,99,99,101,101,102,101,101
2272,2272 -  Sjukgymnaster,108.7,120.1,66.4,10.8,11.8,7.1,9989,7880,2109,100,103,101,102,102,101,103,103,104,106
2432,"2432 -  Informatörer, kommunikatörer och PR-specialister",85.5,102.2,47.3,8.2,10.2,3.7,14596,10152,4444,95,96,95,98,98,95,95,94,98,98
2515,2515 -  Systemförvaltare m.fl.,50.3,85,36.5,4.8,8.1,3.5,6344,1801,4543,95,97,98,98,102,98,98,99,98,102
2519,2519 -  Övriga IT-specialister,49.5,90.1,33.4,5,8.6,3.6,10511,2986,7525,97,95,95,96,96,98,95,97,96,96
2623,2623 -  Arkeologer och specialister inom humaniora m.m.,60.9,94.6,21.1,6.1,10.1,1.4,1035,560,475,96,96,97,95,97,96,95,96,94,96
3111,"3111 -  Ingenjörer och tekniker inom industri, logistik och produktionsplanering",60.4,95.9,49.5,4.7,7.1,3.9,7305,1710,5595,90,..,93,92,92,93,94,93,92,91
3351,3351 -  Tull- och kustbevakningstjänstemän,84.9,154.1,44.7,7.1,13.3,3.4,1590,584,1006,93,90,91,87,91,92,90,91,87,91
3352,3352 -  Skattehandläggare,92.7,111.2,50.9,9.9,12.2,4.6,5899,4090,1809,94,95,95,96,96,93,94,95,95,95
4119,4119 -  Övriga kontorsassistenter och sekreterare,103.5,113.3,66.2,11.5,12.6,7.3,69387,55029,14358,98,96,101,101,99,99,97,103,103,101
4322,4322 -  Lager- och terminalpersonal,116.2,156.5,105.2,9.4,14.1,8.1,70049,14944,55105,97,95,95,97,97,97,95,95,97,97
4323,4323 -  Transportledare och transportsamordnare,71.6,109.5,55.7,6.7,11.6,4.7,7377,2173,5204,94,95,96,92,..,94,95,96,93,90
8189,8189 -  Andra process- och maskinoperatörer,94.2,129.2,86.7,8.6,11.5,7.9,3046,542,2504,94,96,95,93,..,94,96,95,94,91
8214,"8214 -  Montörer, träprodukter",130.6,205.2,110.6,10.1,15.2,8.7,4539,960,3579,96,97,97,95,..,96,97,97,96,95
9111,9111 -  Städare,133,149.1,81.7,12.8,14.5,7.7,66528,50561,15967,96,97,97,96,97,96,96,96,96,97
1241,"1241 -  Informations-, kommunikations- och PR-chefer, nivå 1",36.9,45.1,23.9,3.9,5.6,1.2,1301,799,502,90,..,98,..,97,89,100,102,..,100
1252,"1252 -  Försäljnings- och marknadschefer, nivå 2",41.7,69.6,31.4,4.4,7.9,3.2,13810,3736,10074,95,82,88,89,88,90,81,87,93,89
1341,"1341 -  Chefer inom arkitekt- och ingenjörsverksamhet, nivå 1",45.4,73.6,35.8,3.2,5.6,2.4,2665,679,1986,93,93,89,99,96,91,92,85,95,95
2142,2142 -  Civilingenjörsyrken inom bygg och anläggning,55.3,92.9,42.4,4.5,7.9,3.3,12272,3144,9128,95,95,97,99,96,93,93,97,98,95
2149,2149 -  Övriga civilingenjörsyrken,50.6,81.1,39.1,5,8.8,3.6,19795,5411,14384,94,96,96,96,95,93,94,94,94,93
2423,2423 -  Personal- och HR-specialister,81.6,92.2,46.2,7.8,8.8,4.4,16804,12948,3856,92,93,90,92,97,90,92,91,90,97
2514,2514 -  Systemtestare och testledare,59.5,98.6,40.8,5.7,10.4,3.4,4200,1359,2841,99,98,99,97,96,100,100,101,98,98
2622,2622 -  Bibliotekarier och arkivarier,96,111.8,45.3,9.2,10.5,4.8,7241,5520,1721,97,97,99,99,98,95,95,98,99,96
3211,"3211 -  Tekniker, bilddiagnostik och medicinteknisk utrustning",104.6,174.8,83.7,11,18.2,8.9,1520,349,1171,99,96,..,..,90,98,98,89,89,86
3322,3322 -  Företagssäljare,55.7,95,41.9,5.4,9.5,3.9,72253,18713,53540,91,94,89,86,88,89,92,88,84,89
5111,5111 -  Kabinpersonal m.fl.,175.2,197.8,86.2,13.1,14.4,8.3,2123,1694,429,100,..,97,100,101,99,101,97,100,101
5226,5226 -  Uthyrare,74.2,132.7,57.6,7.4,12.3,6.1,1536,339,1197,..,..,..,..,94,82,93,96,90,90
5343,5343 -  Personliga assistenter,122.3,144.2,60,13.3,15.5,6.9,65065,48104,16961,100,99,99,99,99,100,99,100,100,100
5413,5413 -  Väktare och ordningsvakter,99.3,160.5,77.5,8.9,15.3,6.6,15089,3975,11114,95,94,94,95,94,95,94,94,95,93
7611,7611 -  Slaktare och styckare m.fl.,161.2,204.2,153.8,12.2,16.7,11.4,3295,480,2815,..,..,..,..,..,..,90,93,89,90
8142,"8142 -  Maskinoperatörer, plastindustri",115.3,172,95.8,9.9,16.7,7.5,7278,1860,5418,92,93,95,91,95,92,93,96,91,96
1221,"1221 -  Personal- och HR-chefer, nivå 1",50.1,58,33.2,5.6,7.2,2.1,3114,2120,994,96,91,..,..,90,97,89,..,..,95
1311,"1311 -  IT-chefer, nivå 1",36.3,55.8,30.6,3.3,5.7,2.6,3004,681,2323,91,100,96,102,104,90,100,95,104,106
1322,"1322 -  Inköps-, logistik- och transportchefer, nivå 2",54.5,85.8,46.3,5.3,8.5,4.4,6629,1376,5253,..,102,..,..,..,..,107,97,98,..
1361,"1361 -  Driftchefer inom bygg, anläggning och gruva, nivå 1",38.8,63.9,35.3,3.7,4.8,3.6,2993,360,2633,87,97,93,..,..,89,99,99,116,110
2250,2250 -  Veterinärer,113.7,133,44.3,10.6,11.9,5.9,2067,1616,451,91,89,96,99,95,86,90,95,97,95
2615,2615 -  Förvaltnings- och organisationsjurister,66.9,88.7,28.5,5.2,7.4,1.5,2914,1860,1054,84,93,94,97,96,83,88,87,92,90
2619,2619 -  Övriga jurister,85.6,103.8,44.2,8.2,10.5,3.1,6236,4335,1901,95,100,100,96,93,92,97,97,94,91
4321,4321 -  Arbetsledare inom lager och terminal,77.9,111.9,70.3,5.8,9,5.1,5445,992,4453,..,93,95,94,94,89,92,94,93,91
5224,5224 -  Optikerassistenter,111.2,125.7,72.9,9.7,11.7,4.2,3094,2244,850,..,..,..,..,..,..,..,94,..,..
5322,"5322 -  Undersköterskor, habilitering",174.8,187.5,114.8,22.1,23.7,14.2,3776,3114,662,99,99,100,100,..,100,100,100,101,..
6130,"6130 -  Växtodlare och djuruppfödare, blandad drift",59,63,58.1,8.1,13.2,6.9,6859,1302,5557,..,..,..,..,..,100,112,99,94,101
7131,7131 -  Målare,110.6,175.2,105.5,9,10.4,8.9,11164,816,10348,..,..,..,..,..,89,97,93,92,96
7134,7134 -  Saneringsarbetare m.fl.,127.1,191.3,118.1,11.1,14.7,10.6,3202,392,2810,..,..,..,..,..,100,95,91,97,96
8172,"8172 -  Processoperatörer, papper",100.7,144.6,92.3,8.8,13.3,7.9,5603,899,4704,94,93,93,95,94,93,93,93,95,93
8344,8344 -  Truckförare,113.3,152.8,107.1,9.4,12.9,8.8,10414,1414,9000,97,99,99,100,103,96,98,99,100,103
9621,9621 -  Reklamutdelare och tidningsdistributörer,94.6,162.9,73.2,8.3,14.6,6.3,6077,1449,4628,98,100,100,100,101,97,100,100,100,101
1342,"1342 -  Chefer inom arkitekt- och ingenjörsverksamhet, nivå 2",45.6,77.3,36,4.3,7.9,3.2,6471,1500,4971,93,97,97,93,96,91,96,96,93,94
1512,"1512 -  Avdelnings- och enhetschefer inom hälsa och sjukvård, nivå 2",82.2,91.3,43.1,7.3,8,4.1,8616,6990,1626,87,87,89,88,90,85,87,89,88,93
2225,2225 -  Psykiatrisjuksköterskor,149.1,159.9,108,18.2,20.5,9.5,4017,3184,833,97,98,97,96,97,97,97,98,97,98
2227,2227 -  Geriatriksjuksköterskor,154.1,158.1,113.4,15.7,16.1,12.2,10414,9488,926,96,96,96,96,96,97,97,96,95,91
2228,2228 -  Intensivvårdssjuksköterskor,125.2,135.8,60.5,10.1,10.7,6.4,3627,3115,512,97,97,98,97,99,99,100,100,100,102
2513,2513 -  Utvecklare inom spel och digitala media,33.2,48.9,31.1,3.5,5,3.3,2196,266,1930,91,..,97,..,..,88,90,96,92,92
2661,2661 -  Socialsekreterare,146.3,155.1,93,14.8,15.6,9.5,21265,18275,2990,100,101,100,102,100,100,100,99,100,100
3112,3112 -  Ingenjörer och tekniker inom bygg och anläggning,57.8,100.1,47.7,5.5,9.2,4.6,18838,3616,15222,94,..,94,94,92,93,92,95,94,91
3512,"3512 -  Supporttekniker, IT",64.8,120.2,47.2,6,11.1,4.4,15026,3620,11406,90,93,95,94,97,90,96,97,95,99
3521,3521 -  Bild- och sändningstekniker,71.1,113.8,50.5,8.1,16.6,4,1407,457,950,..,..,..,..,..,96,90,94,94,84
4116,4116 -  Skolassistenter m.fl.,129.5,133.3,82.1,13.6,13.8,10.8,5213,4823,390,96,98,..,97,99,96,100,105,101,101
5152,5152 -  Fastighetsskötare,114,158.8,106.4,11.4,16.9,10.5,37977,5523,32454,96,96,96,97,97,95,94,95,100,97
6210,6210 -  Skogsarbetare,75.6,108.2,72,6.3,8.4,6.1,3095,305,2790,100,..,..,..,..,100,102,96,99,98
8121,"8121 -  Maskinoperatörer, ytbehandling",110.9,161.3,101.6,9.7,15.5,8.7,2805,434,2371,..,..,..,..,..,103,104,101,98,98
8129,8129 -  Övriga maskin- och processoperatörer vid stål- och metallverk,107.4,149,100.1,8.3,12.7,7.6,6693,1007,5686,96,..,98,97,100,96,96,98,97,100
8162,"8162 -  Maskinoperatörer, mejeri",95.1,172.2,66,10.1,19.7,6.4,1441,395,1046,..,..,..,98,..,90,101,94,98,107
8171,"8171 -  Processoperatörer, pappersmassa",74.3,129.8,66.3,5.2,7.4,4.9,2247,285,1962,99,98,98,96,98,99,98,98,96,98
8211,8211 -  Fordonsmontörer,117.3,167.2,110.8,11.2,15.2,10.7,5618,646,4972,98,102,..,96,100,98,101,96,95,101
1371,"1371 -  Produktionschefer inom tillverkning, nivå 1",42.3,79.5,36.1,3.5,5.6,3.2,4133,591,3542,96,90,91,95,93,100,95,101,104,105
2135,2135 -  Specialister och rådgivare inom skogsbruk,52.1,112.8,37.8,5.3,9.7,4.2,1766,337,1429,99,97,100,97,97,93,93,95,95,93
3121,"3121 -  Arbetsledare inom bygg, anläggning och gruva",62.2,89.9,59.8,5.4,7.5,5.2,12035,990,11045,..,..,94,92,90,..,..,90,90,89
3212,3212 -  Biomedicinska analytiker m.fl.,115,125.2,53.6,10.5,11.2,6,9701,8321,1380,98,97,97,99,98,97,95,97,100,100
3313,3313 -  Redovisningsekonomer,67.7,76.9,32.6,6.9,7.8,3.2,21673,17170,4503,94,91,94,97,93,96,91,92,96,95
3353,3353 -  Socialförsäkringshandläggare,118.6,130.2,67.1,14.5,16.1,7.5,15814,12921,2893,93,91,97,96,98,92,91,97,96,98
4225,4225 -  Kontorsreceptionister,114.6,125.5,59.5,12.1,13.2,6.6,12721,10620,2101,94,97,98,102,97,100,105,101,105,100
5141,5141 -  Frisörer,109.1,115.8,62.5,9.2,9.6,5.9,5538,4834,704,..,..,..,..,..,..,..,..,..,..
7523,"7523 -  Maskinsnickare och maskinoperatörer, träindustri",110.8,188.3,99.4,10.2,15.6,9.4,5760,738,5022,99,101,102,99,102,99,102,104,100,105
8122,8122 -  Valsverksoperatörer,100.3,165,86.2,7.2,12.4,6.1,3830,685,3145,101,99,99,99,99,101,99,99,99,99
8311,8311 -  Lokförare,86.8,157.1,73.3,6.6,11,5.7,4437,713,3724,96,98,96,97,97,95,97,96,96,96
9119,9119 -  Övrig hemservicepersonal m.fl.,164.3,174.5,94.1,11.2,11.9,6.9,2666,2326,340,..,..,99,..,..,..,96,99,93,91
9413,9413 -  Kafé- och konditoribiträden,73.5,77.5,55.9,8,8.9,4.2,5552,4515,1037,..,..,..,..,..,96,90,102,96,97
310,0310 -  Soldater m.fl.,23.3,48,20.6,1.7,2.6,1.6,5573,562,5011,100,98,..,..,..,100,100,..,..,..
1362,"1362 -  Driftchefer inom bygg, anläggning och gruva, nivå 2",48,84.6,45.5,4.5,6.1,4.4,11947,768,11179,108,98,110,100,98,111,102,109,102,100
1532,"1532 -  Enhetschefer inom äldreomsorg, nivå 2",105,110.6,66.9,11.9,12.6,6.6,8482,7406,1076,100,96,100,100,100,101,92,101,102,101
2171,2171 -  Industridesigner,49.9,84.7,33.9,4.9,10.8,2.2,2065,649,1416,..,108,101,102,..,100,111,100,99,90
2351,2351 -  Speciallärare och specialpedagoger m.fl.,120.2,126.6,73.1,11.6,12.2,6.9,12879,11333,1546,100,100,100,101,100,101,100,102,103,103
2511,2511 -  Systemanalytiker och IT-arkitekter m.fl.,43,77.8,33.1,4.4,8.6,3.1,10897,2415,8482,94,95,92,93,97,94,95,92,93,92
2662,2662 -  Kuratorer,146,154.9,77.7,15.8,16.7,9.3,8530,7539,991,97,99,99,99,99,96,99,100,99,100
3122,3122 -  Arbetsledare inom tillverkning,64.1,102.8,57.1,4.6,8,4,7251,1119,6132,90,97,96,91,94,92,98,98,91,95
3343,3343 -  Chefssekreterare och VD-assistenter m.fl.,72,75.7,39.9,7.3,7.6,4.4,3638,3262,376,..,95,..,..,99,97,100,96,110,104
3354,3354 -  Säkerhetsinspektörer m.fl.,97.4,137.2,89.6,9.2,17.3,7.7,3585,583,3002,99,..,..,100,99,100,98,100,103,102
4111,4111 -  Ekonomiassistenter m.fl.,80.4,85,44.4,9.1,9.6,5.5,34480,30518,3962,97,98,96,96,91,102,100,98,98,98
5330,5330 -  Vårdbiträden,136.1,151.1,70,13.3,14.9,6.2,73877,60200,13677,100,99,100,100,99,100,100,101,101,101
6111,"6111 -  Odlare av jordbruksväxter, frukt- och bär",47.1,40.6,47.7,6.3,8.8,6,5561,468,5093,..,..,..,..,..,..,..,..,..,..
7223,"7223 -  Maskinställare och maskinoperatörer, metallarbete",108.2,176.5,96.4,8.6,15.1,7.5,48612,7152,41460,95,95,96,98,94,95,95,96,98,94
8173,"8173 -  Operatörer inom sågverk, hyvleri och plywood m.m.",109.1,142.9,105.8,8.8,12.9,8.4,6911,616,6295,98,101,102,99,100,97,100,100,100,99
1120,1120 -  Verkställande direktörer m.fl.,30.3,57.3,25.1,3.7,7,3.1,20743,3336,17407,84,79,81,89,95,88,81,84,91,100
1372,"1372 -  Produktionschefer inom tillverkning, nivå 2",39.6,70.3,35.2,3.9,6.7,3.5,10833,1351,9482,..,..,100,95,..,92,97,104,100,..
2144,2144 -  Civilingenjörsyrken inom maskinteknik,50.2,95.7,38.7,4.8,9.6,3.5,15020,3030,11990,93,92,95,94,94,93,94,97,94,94
2173,2173 -  Designer inom spel och digitala medier,45,80.2,34.4,4.8,10.7,3,2157,499,1658,..,..,..,94,100,..,87,105,91,99
2239,2239 -  Övriga specialistsjuksköterskor,120.6,123.5,83,12.2,12.5,7.7,7232,6714,518,96,97,98,98,96,98,97,97,99,95
2414,2414 -  Traders och fondförvaltare,34.6,66.1,19.2,2.7,6.3,1,1707,560,1147,81,79,76,79,75,72,73,72,76,71
2512,2512 -  Mjukvaru- och systemutvecklare m.fl.,43.3,85.1,32.3,4.1,8.6,3,61950,12821,49129,96,96,98,101,98,96,97,96,101,98
3113,3113 -  Ingenjörer och tekniker inom elektroteknik,49.4,77.5,45.1,4.4,8,3.9,23559,3111,20448,95,96,95,96,..,95,93,95,92,..
3213,3213 -  Receptarier,124.1,131.3,52,11,11.4,6.5,3586,3259,327,92,95,96,100,100,94,95,103,108,104
3451,3451 -  Köksmästare och souschefer,72.5,101.7,64.7,6.8,14.5,4.8,1932,403,1529,..,..,..,..,..,109,..,..,..,103
7311,7311 -  Finmekaniker,78.2,140.9,70.4,7.3,12.2,6.7,2685,298,2387,..,..,..,..,..,..,..,..,..,89
8192,"8192 -  Processövervakare, kemisk industri",87.8,159.6,75.4,7.4,13.7,6.3,5333,783,4550,96,93,90,91,91,95,93,89,90,91
8329,"8329 -  Övriga bil-, motorcykel- och cykelförare",101.8,176.2,92.3,9.9,16.6,9,5992,681,5311,..,..,..,..,..,94,93,91,90,96
8331,8331 -  Buss- och spårvagnsförare,165.1,283,146,15,27.9,12.9,21163,2954,18209,99,99,..,98,98,98,99,99,98,98
9332,"9332 -  Ramppersonal, flyttkarlar och varupåfyllare m.fl.",109.8,190.1,101.2,8.3,13.4,7.7,5210,505,4705,..,..,..,..,..,101,103,103,94,..
9610,9610 -  Renhållnings- och återvinningsarbetare,131,159.1,127.9,11.5,19.4,10.6,7789,773,7016,99,99,99,99,101,98,98,98,98,100
2111,2111 -  Fysiker och astronomer,43.2,86.1,29.4,3.9,8.9,2.3,1711,418,1293,95,94,94,97,96,92,92,91,100,95
2143,2143 -  Civilingenjörsyrken inom elektroteknik,42.4,77.1,35.7,3.6,7.5,2.8,24182,3903,20279,95,96,95,97,98,94,95,94,95,98
2281,2281 -  Apotekare,114.6,124.3,54,10.1,10.9,4.9,2826,2437,389,97,..,96,92,94,98,107,96,93,95
2663,2663 -  Biståndsbedömare m.fl.,143.1,147.1,90.7,17.6,18.2,10.4,4976,4623,353,100,100,100,101,101,100,101,101,102,102
3114,3114 -  Ingenjörer och tekniker inom maskinteknik,59.1,101.6,51.5,5,10,4.1,17792,2697,15095,94,97,96,..,..,95,99,98,89,88
3311,3311 -  Mäklare inom finans,39.2,95.5,21.7,2.3,5.3,1.4,1327,314,1013,..,..,61,..,71,..,..,50,..,64
3342,3342 -  Domstols- och juristsekreterare m.fl.,100.5,107.3,43.7,10.6,11.2,5.5,2368,2116,252,90,91,94,98,..,86,87,90,91,99
4112,4112 -  Löne- och personaladministratörer,100.6,104.4,64.4,10.2,10.7,5.6,12667,11441,1226,97,99,93,98,98,99,98,97,102,100
5321,"5321 -  Undersköterskor, hemtjänst, hemsjukvård och äldreboende",204.1,211.1,116.4,20.5,21.2,12,135378,125350,10028,100,100,100,100,100,102,101,101,102,101
7132,7132 -  Lackerare och industrimålare,109.8,181.8,102.8,10.3,17.4,9.6,4718,418,4300,..,..,..,..,..,95,84,90,83,91
8193,"8193 -  Processövervakare, metallproduktion",111,179.5,99.4,8,16,6.6,2423,351,2072,97,98,99,98,95,97,98,99,98,95
8199,8199 -  Övriga drifttekniker och processövervakare,86,119.4,80,6.9,14,5.6,2464,377,2087,98,101,101,102,100,99,102,101,103,101
8321,8321 -  Taxiförare m.fl.,110.4,177,102.6,10.4,18.3,9.5,8172,853,7319,..,..,..,..,..,..,..,108,87,..
2221,2221 -  Grundutbildade sjuksköterskor,132.8,139.5,74,12.7,13.4,6.5,44014,39511,4503,95,95,96,95,94,97,98,98,95,95
2235,2235 -  Röntgensjuksköterskor,143.8,156.1,87.2,12.2,13.9,4.4,3144,2582,562,97,97,97,96,96,99,99,98,98,99
5411,5411 -  Brandmän,93.4,130.3,91.1,6.5,11.1,6.2,5259,307,4952,97,98,96,96,97,92,94,93,93,95
7231,7231 -  Motorfordonsmekaniker och fordonsreparatörer,86.9,129.8,85.8,7.6,11.1,7.5,27714,678,27036,98,96,..,95,93,98,94,..,91,93
7233,7233 -  Underhållsmekaniker och maskinreparatörer,96.5,161.7,93,7.8,13.2,7.5,23821,1206,22615,97,101,..,103,97,96,100,103,102,95
7420,7420 -  Elektronikreparatörer och kommunikationselektriker m.fl.,62.7,105,61,5.5,8.8,5.3,9364,362,9002,..,..,97,..,..,88,89,96,103,80
8332,8332 -  Lastbilsförare m.fl.,108.9,181.4,104.2,9.4,16.5,9,44949,2734,42215,100,..,..,..,99,98,103,100,98,100
1791,"1791 -  Chefer inom övrig servicenäring, nivå 1",47.7,74.1,41.3,4,10.1,2.5,1803,351,1452,95,98,93,93,93,92,100,98,99,103
3432,"3432 -  Inredare, dekoratörer och scenografer m.fl.",128.1,140.1,68.6,11.7,13.2,4.2,2600,2163,437,..,..,..,..,..,92,88,81,93,91
3511,"3511 -  Drifttekniker, IT",63.1,123.3,53.2,6.2,13.8,4.9,10025,1427,8598,95,..,99,95,96,93,89,96,92,96
3514,3514 -  Nätverks- och systemtekniker m.fl.,53.7,89.4,49.6,5,10.1,4.4,10668,1108,9560,96,100,103,98,99,98,101,105,97,98
5323,"5323 -  Undersköterskor, vård- och specialavdelning",182.2,189.7,104,16.9,17.8,8.3,36074,32912,3162,98,98,99,99,99,101,101,102,102,101
5324,"5324 -  Undersköterskor, mottagning",168.9,171.6,115.3,15.2,15.6,7.5,6204,5909,295,94,98,97,95,99,96,98,100,97,104
7119,7119 -  Övriga byggnads- och anläggningsarbetare,96.8,157,95.2,7.4,13.7,7.2,13510,363,13147,..,..,..,..,..,..,..,94,..,81
8191,8191 -  Drifttekniker vid värme- och vattenverk,84.4,137.5,78.7,8.2,18,7.2,7835,749,7086,97,96,98,96,96,97,96,97,95,95
2343,2343 -  Förskollärare,156.4,159.6,82.5,15.5,15.8,7.6,70090,67219,2871,101,101,101,101,102,105,106,106,105,106
5227,5227 -  Apotekstekniker,117.1,129.8,55.8,11.9,13.7,3.2,3135,2597,538,100,103,100,102,102,107,104,101,102,105
5311,5311 -  Barnskötare,151.6,160.8,68.7,14.4,15.5,5.1,84096,75680,8416,100,101,100,100,100,107,107,105,105,105
7111,"7111 -  Träarbetare, snickare m.fl.",105.9,189.3,105,8.1,16.1,8.1,38669,391,38278,..,..,..,..,..,..,..,94,91,88
7212,7212 -  Svetsare och gasskärare,108.7,222,104.4,9.1,20.3,8.7,12452,455,11997,..,94,95,93,97,88,93,93,95,96
8342,8342 -  Anläggningsmaskinförare m.fl.,68.7,136.5,67.1,6.1,13.4,6,11784,271,11513,..,..,..,..,..,..,128,96,105,89
2273,2273 -  Arbetsterapeuter,126.8,131.6,60.4,11.8,12.4,4.1,8449,7870,579,101,102,101,101,101,99,102,102,103,102
7411,7411 -  Installations- och serviceelektriker,82.8,135.8,81.8,6.1,14.9,6,26991,486,26505,..,..,..,99,..,92,95,91,94,..
7114,7114 -  Anläggningsarbetare,102.5,202.9,98.7,8.5,25.6,7.9,14708,547,14161,..,..,..,..,..,85,88,96,95,78
4117,"4117 -  Medicinska sekreterare, vårdadministratörer m.fl.",150.1,151.3,88.6,15.5,15.7,4.6,17150,16834,316,99,99,..,98,101,106,107,103,104,105
110,0110 -  Officerare,40.3,..,..,2.8,..,..,1242,..,..,..,..,..,..,..,..,..,..,..,..
210,0210 -  Specialistofficerare,25.5,..,..,2.1,..,..,824,..,..,99,..,..,..,..,92,..,..,..,..
1111,1111 -  Politiker,..,..,..,..,..,..,371,..,..,..,..,..,..,..,..,..,..,..,..
1351,"1351 -  Fastighets- och förvaltningschefer, nivå 1",39.7,..,..,4.8,..,..,604,..,..,..,..,..,..,..,..,110,116,..,..
1380,1380 -  Förvaltare inom skogsbruk och lantbruk m.fl.,32.1,..,..,2.7,..,..,561,..,..,..,..,..,..,..,..,..,..,..,..
1422,"1422 -  Förskolechefer, nivå 2",93.2,..,..,9.1,..,..,3970,..,..,..,..,..,97,97,102,101,104,92,95
1491,"1491 -  Övriga avdelningschefer inom utbildning, nivå 1",..,..,..,..,..,..,168,..,..,..,..,..,..,..,..,..,..,..,..
1531,"1531 -  Avdelningschefer inom äldreomsorg, nivå 1",70.6,..,..,6.5,..,..,907,..,..,99,98,96,..,100,99,98,97,..,105
1540,1540 -  Chefer och ledare inom trossamfund,64.3,..,..,6,..,..,669,..,..,106,99,102,..,..,108,99,104,..,..
1711,"1711 -  Hotell- och konferenschefer, nivå 1",..,..,..,..,..,..,468,..,..,..,..,..,..,..,..,..,..,..,..
1741,"1741 -  Chefer inom friskvård, sport och fritid, nivå 1",..,..,..,..,..,..,109,..,..,..,..,..,..,..,..,..,..,..,..
2112,2112 -  Meteorologer,..,..,..,..,..,..,153,..,..,..,..,..,..,..,..,..,..,..,..
2121,2121 -  Matematiker och aktuarier,44.9,..,..,5.7,..,..,602,..,..,97,..,98,..,..,93,86,104,105,100
2133,2133 -  Farmakologer och biomedicinare,57,..,..,4.9,..,..,1227,..,..,..,..,..,..,..,93,77,89,97,84
2146,2146 -  Civilingenjörsyrken inom gruvteknik och metallurgi,34.9,..,..,4,..,..,516,..,..,..,..,93,..,88,98,..,90,85,89
2222,2222 -  Barnmorskor,148.6,..,..,13.8,..,..,5762,..,..,..,..,..,..,..,..,..,..,..,..
2224,2224 -  Distriktssköterskor,133.9,..,..,15.1,..,..,7619,..,..,99,100,98,98,..,99,101,99,98,99
2231,2231 -  Operationssjuksköterskor,158.4,..,..,13.7,..,..,2973,..,..,94,96,96,97,99,99,100,100,99,102
2232,2232 -  Barnsjuksköterskor,135.1,..,..,14,..,..,3649,..,..,99,..,..,..,..,97,..,..,..,..
2233,2233 -  Skolsköterskor,109.7,..,..,11.1,..,..,3254,..,..,..,..,..,..,..,..,..,..,..,..
2234,2234 -  Företagssköterskor,118.3,..,..,12.3,..,..,803,..,..,..,..,..,..,..,..,..,..,..,..
2242,2242 -  Psykoterapeuter,77.4,..,..,13,..,..,672,..,..,..,..,..,..,..,..,..,..,..,..
2271,2271 -  Kiropraktorer och naprapater m.fl.,..,..,..,..,..,..,467,..,..,..,..,..,..,..,..,..,..,..,..
2282,2282 -  Dietister,121.1,..,..,14.6,..,..,1090,..,..,..,..,..,..,..,..,..,..,..,..
2283,2283 -  Audionomer och logopeder,122.5,..,..,15.8,..,..,2555,..,..,..,..,102,..,..,105,107,106,105,105
2289,2289 -  Övriga specialister inom hälso- och sjukvård,88.5,..,..,9.8,..,..,1074,..,..,89,94,92,94,93,88,92,89,91,90
2516,2516 -  IT-säkerhetsspecialister,45.6,..,..,4.5,..,..,1578,..,..,..,..,..,..,..,94,97,88,98,88
2651,2651 -  Bildkonstnärer m.fl.,..,..,..,..,..,..,476,..,..,..,..,..,..,..,..,..,..,..,..
2653,2653 -  Koreografer och dansare,..,..,..,..,..,..,277,..,..,..,..,..,..,..,..,..,..,..,..
2672,2672 -  Diakoner,158,..,..,18.9,..,..,1152,..,..,98,98,99,..,..,98,97,99,..,..
3116,3116 -  Ingenjörer och tekniker inom gruvteknik och metallurgi,66.6,..,..,6.5,..,..,691,..,..,92,94,93,..,..,92,95,93,93,95
3151,3151 -  Maskinbefäl,32.6,..,..,3.1,..,..,583,..,..,..,..,..,..,..,..,..,..,..,..
3152,3152 -  Fartygsbefäl m.fl.,48.8,..,..,3.2,..,..,1210,..,..,..,..,..,..,..,..,..,..,..,..
3153,3153 -  Piloter m.fl.,95.7,..,..,7.8,..,..,1463,..,..,..,..,..,..,..,..,..,..,..,..
3155,3155 -  Flygtekniker,74.3,..,..,4.1,..,..,807,..,..,..,..,..,..,..,..,..,..,..,..
3230,3230 -  Terapeuter inom alternativmedicin,..,..,..,..,..,..,122,..,..,..,..,..,..,..,..,..,..,..,..
3240,3240 -  Djursjukskötare m.fl.,150.7,..,..,15.5,..,..,1958,..,..,..,97,95,90,98,101,92,92,96,97
3250,3250 -  Tandhygienister,143.6,..,..,11.5,..,..,3468,..,..,..,..,..,..,..,..,..,..,..,113
3421,3421 -  Professionella idrottsutövare,182,..,..,12.4,..,..,1313,..,..,..,..,..,..,..,..,..,..,..,..
3424,3424 -  Friskvårdskonsulenter och hälsopedagoger m.fl.,105.1,..,..,11.8,..,..,1056,..,..,..,..,..,..,..,105,101,90,83,83
3433,3433 -  Inspicienter och scriptor m.fl.,56.9,..,..,5.3,..,..,756,..,..,..,..,..,..,..,97,103,90,..,..
3452,3452 -  Storhushållsföreståndare,111.7,..,..,13.7,..,..,1298,..,..,..,..,..,..,..,..,..,..,..,..
4211,4211 -  Croupierer och oddssättare m.fl.,..,..,..,..,..,..,475,..,..,..,..,..,88,..,..,..,..,91,89
5142,5142 -  Hudterapeuter,131.6,..,..,13.3,..,..,828,..,..,..,..,..,..,..,..,..,..,..,..
5143,5143 -  Massörer och massageterapeuter,78.9,..,..,7.7,..,..,697,..,..,..,..,..,..,..,..,..,..,..,..
5149,5149 -  Övriga skönhets- och kroppsterapeuter,90.1,..,..,10,..,..,655,..,..,..,..,..,..,..,..,..,..,..,..
5325,5325 -  Barnsköterskor,184.1,..,..,19.1,..,..,1472,..,..,..,..,..,..,..,..,..,..,..,..
5326,5326 -  Ambulanssjukvårdare,153.8,..,..,13.2,..,..,988,..,..,98,97,98,98,..,96,95,98,98,93
5350,5350 -  Tandsköterskor,134.7,..,..,12.7,..,..,9842,..,..,..,..,..,..,..,..,..,..,..,..
6122,6122 -  Uppfödare och skötare av sällskapsdjur,161.2,..,..,17,..,..,769,..,..,..,..,..,..,..,..,..,..,..,..
6129,6129 -  Övriga djuruppfödare och djurskötare,122,..,..,11,..,..,959,..,..,..,..,..,..,..,..,..,..,..,..
6221,6221 -  Fiskodlare,..,..,..,..,..,..,206,..,..,..,..,..,..,..,..,..,..,..,..
6222,6222 -  Fiskare,46,..,..,7.5,..,..,565,..,..,..,..,..,..,..,..,..,..,..,..
7112,7112 -  Murare m.fl.,104.2,..,..,8.7,..,..,6620,..,..,..,..,..,..,..,..,..,..,..,..
7113,7113 -  Betongarbetare,133.2,..,..,9.8,..,..,8218,..,..,..,..,..,..,..,..,..,..,83,..
7115,7115 -  Anläggningsdykare,..,..,..,..,..,..,186,..,..,..,..,..,..,..,..,..,..,..,..
7121,7121 -  Takmontörer,108,..,..,9.5,..,..,3056,..,..,..,..,..,..,..,..,..,..,..,..
7122,7122 -  Golvläggare,104.7,..,..,7.9,..,..,3409,..,..,..,..,..,..,..,..,..,..,..,..
7123,7123 -  Isoleringsmontörer,107.3,..,..,8.7,..,..,1659,..,..,..,..,..,..,..,..,..,..,..,..
7124,7124 -  Glastekniker,84.2,..,..,7.5,..,..,2162,..,..,..,..,..,..,..,..,..,..,..,..
7125,7125 -  VVS-montörer m.fl.,98.5,..,..,7.6,..,..,16367,..,..,..,..,..,..,..,..,..,..,..,..
7126,7126 -  Kyl- och värmepumpstekniker m.fl.,94.3,..,..,7.9,..,..,3108,..,..,..,..,..,..,..,..,..,..,..,..
7133,7133 -  Skorstensfejare,111.6,..,..,8.1,..,..,842,..,..,..,..,..,..,..,..,..,..,..,..
7211,7211 -  Gjutare,116.3,..,..,10.5,..,..,1015,..,..,..,..,..,..,..,..,..,..,..,..
7213,7213 -  Byggnads- och ventilationsplåtslagare,106.5,..,..,8.2,..,..,4638,..,..,..,..,..,..,..,..,..,..,..,..
7214,7214 -  Tunnplåtslagare,99.2,..,..,7.7,..,..,3427,..,..,..,..,..,..,..,..,..,..,..,..
7215,7215 -  Stålkonstruktionsmontörer och grovplåtsslagare,103.4,..,..,8.5,..,..,1664,..,..,..,..,..,..,..,..,..,..,..,..
7221,7221 -  Smeder,119.6,..,..,9.9,..,..,2667,..,..,..,..,..,..,..,..,..,..,..,..
7222,7222 -  Verktygsmakare,75.7,..,..,5.2,..,..,2232,..,..,..,..,..,..,..,..,..,..,..,..
7224,7224 -  Slipare m.fl.,105.3,..,..,11.4,..,..,1140,..,..,..,..,..,..,..,..,..,..,..,..
7232,7232 -  Flygmekaniker m.fl.,..,..,..,..,..,..,401,..,..,..,..,..,..,..,..,..,..,..,..
7312,7312 -  Guld- och silversmeder,..,..,..,..,..,..,330,..,..,..,..,..,..,..,..,..,..,..,..
7412,7412 -  Industrielektriker,76.3,..,..,5.9,..,..,6199,..,..,..,..,..,..,89,..,..,..,85,89
7413,7413 -  Distributionselektriker,78.2,..,..,5.1,..,..,2879,..,..,..,..,..,..,..,..,..,..,..,..
7522,"7522 -  Fin-, inrednings- och möbelsnickare",87,..,..,8.3,..,..,3929,..,..,..,..,..,..,..,..,..,..,..,..
7531,7531 -  Skräddare och ateljésömmerskor m.fl.,102.5,..,..,13.5,..,..,976,..,..,..,..,..,..,..,..,..,..,..,..
7532,7532 -  Sömmare,114.7,..,..,11.7,..,..,654,..,..,..,..,..,..,..,..,..,..,..,..
7533,7533 -  Tapetserare,..,..,..,..,..,..,442,..,..,..,..,..,..,..,..,..,..,..,..
7534,7534 -  Läderhantverkare och skomakare,..,..,..,..,..,..,277,..,..,..,..,..,..,..,..,..,..,..,..
7613,7613 -  Provsmakare och kvalitetsbedömare,..,..,..,..,..,..,173,..,..,..,..,..,..,..,..,..,..,..,..
7619,7619 -  Övriga livsmedelsförädlare,..,..,..,..,..,..,479,..,..,..,..,..,..,..,..,..,..,..,..
8111,8111 -  Gruv- och stenbrottsarbetare,113.4,..,..,7.6,..,..,3288,..,..,93,86,102,98,..,96,88,100,98,..
8112,"8112 -  Processoperatörer, stenkross- och malmförädlingsanläggning",80.9,..,..,5.2,..,..,1668,..,..,..,105,106,..,100,..,105,106,..,100
8113,8113 -  Brunnsborrare m.fl.,..,..,..,..,..,..,421,..,..,..,..,..,..,..,..,..,..,..,..
8114,"8114 -  Maskinoperatörer, cement-, sten- och betongvaror",115.4,..,..,9.6,..,..,1603,..,..,..,..,..,..,..,..,..,..,..,..
8116,8116 -  Stenhuggare m.fl.,103.7,..,..,6.9,..,..,617,..,..,..,..,..,..,..,..,..,..,..,..
8174,"8174 -  Maskinoperatörer inom ytbehandling, trä",122.6,..,..,13.3,..,..,571,..,..,..,..,..,..,..,..,..,..,..,..
8312,8312 -  Bangårdspersonal,116.9,..,..,9.6,..,..,1078,..,..,..,97,98,99,99,..,95,96,98,99
8341,8341 -  Förare av jordbruks- och skogsmaskiner,56.8,..,..,4.6,..,..,4968,..,..,..,..,..,..,..,..,..,..,..,..
8343,8343 -  Kranförare m.fl.,105.9,..,..,9,..,..,1313,..,..,..,..,..,..,..,..,..,..,..,..
8350,8350 -  Matroser och jungmän m.fl.,72.4,..,..,8.4,..,..,870,..,..,..,..,..,..,..,..,..,..,..,..
9310,9310 -  Grovarbetare inom bygg och anläggning,105.3,..,..,8.3,..,..,5425,..,..,..,..,..,..,..,..,..,..,90,..
9331,9331 -  Hamnarbetare,100.6,..,..,8.4,..,..,2187,..,..,..,..,..,..,..,..,..,..,..,..
9520,9520 -  Torg- och marknadsförsäljare,..,..,..,..,..,..,127,..,..,..,..,..,..,..,..,..,..,..,..
0,,,,,,,,,,,95,95,96,96,96,87,87,88,89,89
1,,,,,,,,,,,..,..,..,..,..,..,..,..,..,..
2,,,,,,,,,,,..,..,..,..,..,..,..,..,..,..
1421,,,,,,,,,,,..,..,..,..,..,..,..,..,..,..
5144,,,,,,,,,,,..,..,..,..,..,..,..,..,..,..
7116,,,,,,,,,,,..,..,..,..,..,..,..,..,..,..
7521,,,,,,,,,,,..,..,..,..,..,..,..,..,..,..
8115,,,,,,,,,,,..,..,..,..,..,..,..,..,..,..