,occupation_level4_number,occupation_level4,n_sickcase_per1000,n_sickcase_per1000_f,n_sickcase_per1000_m,avg_sickdays,avg_sickdays_f,avg_sickdays_m,n_emp,n_emp_f,n_emp_m,stw_pay_quota_2014,stw_pay_quota_2015,stw_pay_quota_2016,stw_pay_quota_2017,stw_pay_quota_2018,uw_pay_quota_2014,uw_pay_quota_2015,uw_pay_quota_2016,uw_pay_quota_2017,uw_pay_quota_2018,index_health,index_power,index_pay,index_distribution,index_total_geometric,index_total_aritmetic
0,3439,3439 -  Övriga yrken inom kultur och underhållning,73.9,86.0,62.8,5.5,5.9,5.1,731.0,349.0,382.0,,,,,,,115.0,,110.0,,0.8644067796610169,,,0.9136125654450262,,
1,2641,2641 -  Författare m.fl.,61.8,71.9,51.5,6.0,7.0,5.0,939.0,473.0,466.0,,,,,,86.0,89.0,90.0,,,0.7142857142857143,,,1.0150214592274678,,
2,4430,4430 -  Förtroendevalda,73.8,86.8,63.2,8.1,7.1,9.0,800.0,357.0,443.0,,,,,,106.0,,,,,1.267605633802817,,,0.8058690744920993,,
3,1242,"1242 -  Informations-, kommunikations - och PR-chefer, nivå 2",51.2,72.4,28.3,5.4,6.7,4.0,2051.0,1063.0,988.0,,92.0,94.0,97.0,89.0,,92.0,99.0,99.0,88.0,0.5970149253731343,0.98,0.97,1.075910931174089,0.7814112495987348,0.9057314641368059
4,1742,"1742 -  Chefer inom friskvård, sport och fritid, nivå 2",61.1,61.9,60.5,7.6,9.4,6.1,1129.0,517.0,612.0,,,,,98.0,,,,70.0,95.0,0.648936170212766,,,0.8447712418300654,,
5,2164,2164 -  Lantmätare,74.5,75.6,73.2,7.3,8.9,5.5,685.0,357.0,328.0,97.0,97.0,,,,94.0,92.0,,88.0,89.0,0.6179775280898876,,,1.0884146341463414,,
6,2655,2655 -  Skådespelare,61.1,65.9,55.1,5.7,6.5,4.7,1130.0,622.0,508.0,,100.0,,,,,101.0,100.0,,,0.7230769230769231,,,1.2244094488188977,,
7,5241,5241 -  Eventsäljare och butiksdemonstratörer m.fl.,51.7,59.8,41.1,7.0,7.8,5.9,1452.0,819.0,633.0,,94.0,91.0,,,90.0,91.0,88.0,96.0,,0.7564102564102565,,,1.2938388625592416,,
8,5419,5419 -  Övrig bevaknings- och säkerhetspersonal,98.4,123.8,72.1,9.2,11.6,6.8,5061.0,2577.0,2484.0,97.0,,,,,95.0,100.0,99.0,91.0,94.0,0.5862068965517241,,,1.03743961352657,,
9,1113,1113 -  Chefstjänstemän i intresseorganisationer,56.3,71.1,42.6,4.9,6.3,3.5,817.0,394.0,423.0,,,,,,,,93.0,,,0.5555555555555556,,,0.9314420803782506,,
10,1592,"1592 -  Övriga verksamhetschefer inom samhällsservice, nivå 2",69.9,88.6,50.7,5.9,7.6,4.2,11046.0,5601.0,5445.0,94.0,95.0,95.0,94.0,94.0,96.0,96.0,98.0,97.0,98.0,0.5526315789473685,0.955,0.94,1.0286501377410469,0.7143602917011042,0.8690704291721039
11,1721,"1721 -  Restaurang- och kökschefer, nivå 1",87.4,109.0,68.0,8.3,10.5,6.3,2094.0,991.0,1103.0,,,,,,102.0,106.0,102.0,92.0,94.0,0.6,,,0.898458748866727,,
12,2134,2134 -  Specialister och rådgivare inom lantbruk m.m.,55.2,78.3,28.1,6.0,7.2,4.6,851.0,460.0,391.0,,,,89.0,,95.0,97.0,,87.0,92.0,0.6388888888888888,0.88,0.89,1.1764705882352942,0.7672546764680496,0.8963398692810458
13,2181,"2181 -  Arbetsmiljöingenjörer, yrkes- och miljöhygieniker",64.3,85.8,44.8,8.0,10.4,5.8,1400.0,664.0,736.0,101.0,100.0,100.0,98.0,97.0,97.0,99.0,100.0,98.0,100.0,0.5576923076923077,0.98,0.98,0.9021739130434783,0.6951340069550749,0.8549665551839465
14,2183,2183 -  Specialister inom miljöskydd och miljöteknik,67.8,87.1,43.0,6.7,7.7,5.3,2447.0,1377.0,1070.0,94.0,101.0,94.0,98.0,100.0,92.0,99.0,95.0,97.0,99.0,0.6883116883116883,0.975,0.98,1.2869158878504674,0.919989772208672,0.9825568940405389
15,2320,2320 -  Lärare i yrkesämnen,82.9,106.9,63.4,9.5,11.8,7.7,9509.0,4255.0,5254.0,98.0,97.0,99.0,98.0,98.0,96.0,97.0,99.0,98.0,99.0,0.6525423728813559,0.98,0.98,0.8098591549295775,0.7124184901004477,0.8556003819527334
16,2652,"2652 -  Musiker, sångare och kompositörer",72.5,94.3,50.1,6.6,8.6,4.6,4179.0,2122.0,2057.0,97.0,97.0,95.0,98.0,100.0,97.0,96.0,95.0,98.0,101.0,0.5348837209302325,0.98,0.98,1.0315994166261546,0.7279663586933577,0.8816207843890969
17,3449,3449 -  Övriga utbildare och instruktörer,91.9,127.1,55.6,9.9,13.0,6.8,4166.0,2117.0,2049.0,,,,,,92.0,93.0,85.0,99.0,96.0,0.5230769230769231,,,1.0331869204489994,,
18,5112,5112 -  Tågvärdar och ombordansvariga m.fl.,145.2,187.7,104.8,12.1,15.8,8.5,4620.0,2254.0,2366.0,98.0,98.0,98.0,99.0,96.0,97.0,97.0,97.0,98.0,96.0,0.5379746835443038,0.985,0.99,0.9526627218934911,0.7069459611177353,0.8664093513594486
19,5113,5113 -  Guider och reseledare,44.6,52.9,33.5,5.0,5.8,4.1,763.0,435.0,328.0,,,,,,109.0,,92.0,94.0,,0.7068965517241379,,,1.326219512195122,,
20,5161,5161 -  Begravnings- och krematoriepersonal,104.6,130.8,76.9,12.5,16.1,8.8,1176.0,604.0,572.0,93.0,,,,,92.0,95.0,92.0,86.0,82.0,0.546583850931677,,,1.055944055944056,,
21,7612,7612 -  Bagare och konditorer,88.8,113.6,67.7,8.1,10.2,6.3,3255.0,1496.0,1759.0,,,,,,101.0,96.0,99.0,92.0,94.0,0.6176470588235294,,,0.8504832291074474,,
22,1211,"1211 -  Ekonomi- och finanschefer, nivå 1",40.4,52.7,29.2,4.0,5.2,2.8,6110.0,2923.0,3187.0,75.0,77.0,80.0,81.0,77.0,69.0,72.0,70.0,75.0,72.0,0.5384615384615384,0.78,0.81,0.9171634766237842,0.558586622420741,0.7614062537713306
23,1591,"1591 -  Övriga chefer inom samhällsservice, nivå 1",45.9,60.5,33.2,3.8,4.9,2.8,4506.0,2098.0,2408.0,94.0,94.0,95.0,94.0,93.0,96.0,95.0,96.0,95.0,95.0,0.5714285714285714,0.945,0.94,0.8712624584717608,0.6650209199117466,0.831922757475083
24,1722,"1722 -  Restaurang- och kökschefer, nivå 2",73.8,90.9,64.3,8.7,9.7,8.2,4744.0,1694.0,3050.0,,,,,,96.0,91.0,99.0,95.0,105.0,0.845360824742268,,,0.5554098360655738,,
25,2671,2671 -  Präster,107.0,141.7,70.1,12.6,16.6,8.4,2468.0,1270.0,1198.0,100.0,99.0,98.0,104.0,99.0,100.0,100.0,98.0,105.0,99.0,0.5060240963855421,1.045,1.04,1.0601001669449082,0.7635436423273787,0.9127810658326125
26,3214,3214 -  Tandtekniker och ortopedingenjörer m.fl.,79.4,97.0,65.2,6.7,8.6,5.2,3264.0,1453.0,1811.0,,99.0,94.0,92.0,93.0,94.0,96.0,92.0,89.0,90.0,0.6046511627906977,0.905,0.92,0.8023191606847045,0.6355419636089071,0.8079925808688505
27,3314,3314 -  Skadereglerare och värderare,88.9,120.0,50.9,10.1,12.5,7.1,5401.0,2967.0,2434.0,92.0,94.0,94.0,95.0,96.0,91.0,92.0,93.0,94.0,95.0,0.568,0.945,0.95,1.2189811010682006,0.7884067991962644,0.9204952752670501
28,3324,3324 -  Ordersamordnare m.fl.,79.1,101.8,58.8,7.8,10.2,5.6,14695.0,6952.0,7743.0,93.0,89.0,91.0,92.0,93.0,91.0,89.0,91.0,92.0,93.0,0.5490196078431373,0.92,0.92,0.8978432132248483,0.6459248708643628,0.8217157052669964
29,3334,3334 -  Fastighetsmäklare,56.5,82.9,29.7,6.5,8.7,4.1,3537.0,1785.0,1752.0,,,,,,,,,,78.0,0.47126436781609193,,,1.018835616438356,,
30,3515,3515 -  Webbmaster och webbadministratörer,61.8,87.2,36.7,6.6,9.0,4.4,1893.0,940.0,953.0,,,,103.0,,91.0,91.0,95.0,109.0,107.0,0.48888888888888893,1.06,1.03,0.9863588667366212,0.7255947052891923,0.8913119389063775
31,8151,"8151 -  Maskinoperatörer, blekning, färgning och tvättning",136.3,169.4,93.3,12.3,14.5,9.4,2787.0,1576.0,1211.0,99.0,98.0,100.0,,,99.0,99.0,102.0,101.0,103.0,0.6482758620689656,,,1.301403798513625,,
32,9629,9629 -  Övriga servicearbetare,239.9,297.0,197.0,27.6,35.3,21.8,24999.0,10718.0,14281.0,99.0,100.0,100.0,100.0,100.0,100.0,100.0,101.0,101.0,100.0,0.6175637393767706,1.005,1.0,0.750507667530285,0.6824981708392306,0.8432678517267639
33,2122,2122 -  Statistiker,52.8,75.5,31.4,5.0,7.0,3.1,1232.0,596.0,636.0,96.0,96.0,95.0,94.0,95.0,94.0,97.0,93.0,92.0,93.0,0.4428571428571429,0.93,0.94,0.9371069182389937,0.6023262631030791,0.8124910152740342
34,2131,2131 -  Cell- och molekylärbiologer m.fl.,36.1,52.6,21.4,3.9,5.3,2.6,1496.0,703.0,793.0,,99.0,95.0,97.0,99.0,93.0,100.0,95.0,96.0,100.0,0.4905660377358491,0.965,0.97,0.8865069356872636,0.6380274029411311,0.8280182433557781
35,3321,3321 -  Försäkringssäljare och försäkringsrådgivare,76.5,109.7,44.0,7.9,10.9,4.9,10262.0,5079.0,5183.0,82.0,83.0,81.0,79.0,81.0,80.0,81.0,80.0,77.0,79.0,0.44954128440366975,0.78,0.79,0.9799344009261046,0.5210076978659917,0.7498689213324436
36,3331,3331 -  Speditörer och transportmäklare,78.3,114.7,43.3,7.0,9.7,4.5,4304.0,2110.0,2194.0,85.0,,,93.0,,86.0,96.0,91.0,93.0,90.0,0.4639175257731959,0.93,0.93,0.9617137648131268,0.6211925725570903,0.8214078226465806
37,3422,3422 -  Idrottstränare och instruktörer m.fl.,65.5,91.5,43.2,7.0,9.4,4.9,5523.0,2557.0,2966.0,,102.0,102.0,98.0,,94.0,101.0,96.0,97.0,88.0,0.5212765957446809,0.975,0.98,0.8621038435603506,0.655283525639238,0.8345951098262578
38,1292,"1292 -  Övriga administrations- och servicechefer, nivå 2",57.2,78.5,40.4,6.1,8.4,4.3,12654.0,5593.0,7061.0,89.0,89.0,88.0,97.0,88.0,88.0,88.0,85.0,92.0,87.0,0.5119047619047619,0.945,0.97,0.7920974366237077,0.609657133902095,0.8047505496321175
39,1411,"1411 -  Avdelningschefer inom grund- och gymnasieskola samt vuxenutbildning, nivå 1",41.8,44.6,37.7,4.4,5.2,3.1,789.0,471.0,318.0,92.0,96.0,95.0,,94.0,92.0,97.0,96.0,89.0,93.0,0.5961538461538461,,,1.4811320754716981,,
40,1412,"1412 -  Rektorer, nivå 2",62.7,70.1,48.8,6.6,7.2,5.5,9117.0,5979.0,3138.0,98.0,97.0,97.0,98.0,98.0,98.0,98.0,98.0,99.0,98.0,0.7638888888888888,0.985,0.98,1.9053537284894837,1.185315754205624,1.1585606543445932
41,1792,"1792 -  Chefer inom övrig servicenäring, nivå 2",67.7,100.8,46.8,7.7,10.0,6.3,4595.0,1775.0,2820.0,98.0,99.0,99.0,93.0,92.0,100.0,106.0,101.0,96.0,95.0,0.63,0.945,0.93,0.6294326241134752,0.5903400908563982,0.7836081560283688
42,2145,2145 -  Civilingenjörsyrken inom kemi och kemiteknik,63.3,86.5,41.7,5.8,8.2,3.6,4501.0,2173.0,2328.0,94.0,92.0,90.0,92.0,93.0,94.0,92.0,90.0,91.0,93.0,0.4390243902439025,0.915,0.92,0.9334192439862543,0.587336728793365,0.8018609085575392
43,2172,2172 -  Grafisk formgivare m.fl.,57.4,83.2,33.9,6.0,8.6,3.7,6082.0,2895.0,3187.0,89.0,93.0,,96.0,96.0,90.0,92.0,91.0,97.0,96.0,0.4302325581395349,0.965,0.96,0.9083777847505491,0.6017057502724257,0.815902585722521
44,2211,2211 -  Specialistläkare,74.3,99.4,50.3,8.0,11.6,4.6,20413.0,9969.0,10444.0,91.0,90.0,94.0,93.0,95.0,92.0,90.0,94.0,94.0,94.0,0.396551724137931,0.935,0.93,0.9545193412485637,0.5737062317946631,0.8040177663466237
45,2319,2319 -  Övriga universitets- och högskollärare,60.3,84.2,32.1,7.6,10.1,4.6,6848.0,3704.0,3144.0,96.0,96.0,95.0,96.0,96.0,96.0,95.0,95.0,95.0,96.0,0.4554455445544554,0.955,0.96,1.178117048346056,0.7013741438549067,0.8871406482251278
46,2431,2431 -  Marknadsanalytiker och marknadsförare m.fl.,51.8,71.0,34.7,4.8,7.0,3.0,17651.0,8342.0,9309.0,90.0,83.0,89.0,92.0,89.0,87.0,81.0,88.0,91.0,87.0,0.42857142857142855,0.915,0.92,0.8961220324417231,0.5685905607889851,0.789923365253288
47,2642,2642 -  Journalister m.fl.,75.6,102.6,47.0,7.7,10.8,4.4,9432.0,4856.0,4576.0,95.0,96.0,98.0,97.0,100.0,94.0,95.0,99.0,96.0,99.0,0.40740740740740744,0.965,0.97,1.0611888111888113,0.6361511482940069,0.8508990546490546
48,3117,3117 -  GIS- och kartingenjörer,92.7,126.2,69.1,9.1,12.1,7.0,1952.0,808.0,1144.0,97.0,103.0,98.0,98.0,97.0,98.0,104.0,98.0,97.0,97.0,0.578512396694215,0.975,0.98,0.7062937062937062,0.6248335616102102,0.8099515257469803
49,3323,3323 -  Inköpare och upphandlare,59.3,80.7,43.4,5.5,7.4,4.2,16940.0,7199.0,9741.0,94.0,93.0,95.0,96.0,95.0,92.0,90.0,92.0,95.0,95.0,0.5675675675675675,0.955,0.96,0.7390411662047017,0.6201266602249741,0.8054021834430674
50,3339,3339 -  Övriga förmedlare,70.0,90.7,53.9,8.5,11.8,6.0,2684.0,1180.0,1504.0,,,,,,103.0,93.0,101.0,97.0,88.0,0.5084745762711864,,,0.7845744680851063,,
51,3411,3411 -  Behandlingsassistenter och socialpedagoger m.fl.,153.1,183.5,111.0,14.8,18.2,10.3,23365.0,13566.0,9799.0,101.0,99.0,99.0,99.0,100.0,101.0,100.0,100.0,100.0,101.0,0.565934065934066,0.995,0.99,1.3844269823451372,0.8785107568836918,0.9838402620698008
52,8131,"8131 -  Maskinoperatörer, farmaceutiska produkter",136.5,176.0,99.1,12.0,17.1,7.2,3393.0,1648.0,1745.0,92.0,94.0,95.0,96.0,97.0,93.0,94.0,95.0,96.0,97.0,0.42105263157894735,0.96,0.96,0.9444126074498568,0.6053691901905074,0.821366309757201
53,8159,"8159 -  Övriga maskinoperatörer, textil-, skinn- och läderindustri",140.7,177.2,102.8,11.6,16.1,6.8,2140.0,1089.0,1051.0,90.0,92.0,,95.0,94.0,90.0,92.0,89.0,94.0,93.0,0.42236024844720493,0.945,0.95,1.0361560418648905,0.6268040690020706,0.8383790725780238
54,8161,"8161 -  Maskinoperatörer, kött- och fiskberedningsindustri",136.5,181.4,107.9,10.6,13.6,8.7,4477.0,1742.0,2735.0,,,,95.0,97.0,95.0,96.0,97.0,97.0,96.0,0.6397058823529411,0.96,0.95,0.636928702010969,0.6095832166587647,0.7966586460909776
55,2163,2163 -  Planeringsarkitekter m.fl.,81.7,109.9,39.7,8.6,10.6,5.7,2889.0,1729.0,1160.0,90.0,96.0,96.0,100.0,98.0,85.0,93.0,94.0,95.0,97.0,0.5377358490566038,0.975,1.0,1.4905172413793104,0.8840061880261049,1.0008132726089785
56,2412,2412 -  Controller,44.3,60.3,25.9,4.2,5.7,2.4,10062.0,5393.0,4669.0,89.0,89.0,88.0,91.0,90.0,89.0,89.0,88.0,91.0,88.0,0.42105263157894735,0.91,0.91,1.1550653244806168,0.6346186903885542,0.8490294890148911
57,2614,2614 -  Affärs- och företagsjurister,42.4,57.6,25.3,3.9,5.4,2.1,5004.0,2637.0,2367.0,91.0,90.0,92.0,90.0,98.0,84.0,84.0,91.0,86.0,94.0,0.3888888888888889,0.88,0.9,1.1140684410646389,0.5857756224425089,0.820739332488382
58,3215,3215 -  Laboratorieingenjörer,69.5,92.2,44.1,5.9,8.2,3.3,8292.0,4373.0,3919.0,93.0,87.0,92.0,93.0,94.0,95.0,86.0,93.0,93.0,94.0,0.4024390243902439,0.93,0.93,1.1158458790507784,0.6232109841828379,0.8445712258602556
59,3332,3332 -  Evenemangs- och reseproducenter m.fl.,64.9,71.0,55.6,6.7,8.1,4.6,1680.0,1014.0,666.0,,,,,,101.0,107.0,91.0,85.0,84.0,0.5679012345679012,,,1.5225225225225225,,
60,3423,3423 -  Fritidsledare m.fl.,114.8,141.9,77.9,12.2,15.6,7.6,13366.0,7715.0,5651.0,99.0,97.0,98.0,99.0,100.0,101.0,98.0,99.0,102.0,103.0,0.48717948717948717,1.005,0.99,1.3652450893647141,0.8134866621699054,0.9618561441360504
61,5131,5131 -  Hovmästare och servitörer,72.6,84.3,52.7,6.0,6.9,4.6,14682.0,9270.0,5412.0,,99.0,,96.0,98.0,94.0,97.0,96.0,95.0,96.0,0.6666666666666666,0.955,0.96,1.712860310421286,1.0231814217085307,1.0736317442719883
62,5169,5169 -  Övrig servicepersonal,76.4,98.8,58.2,7.3,10.5,4.8,1871.0,840.0,1031.0,,,,94.0,,,103.0,103.0,92.0,114.0,0.45714285714285713,0.93,0.94,0.8147429679922406,0.5706130247850255,0.7854714562837745
63,5225,5225 -  Bensinstationspersonal,77.4,97.1,49.7,8.1,10.1,5.2,3487.0,2039.0,1448.0,,,,,,101.0,94.0,104.0,89.0,102.0,0.5148514851485149,,,1.4081491712707181,,
64,5341,5341 -  Skötare,156.0,187.7,105.4,15.9,18.9,11.2,15844.0,9741.0,6103.0,98.0,98.0,98.0,99.0,99.0,99.0,98.0,99.0,99.0,99.0,0.5925925925925926,0.99,0.99,1.5961002785515321,0.9628162035314579,1.0421732177860312
65,8163,"8163 -  Maskinoperatörer, kvarn-, bageri- och konfektyrindustri",126.8,183.5,89.2,9.7,13.2,7.4,4101.0,1635.0,2466.0,98.0,96.0,,,96.0,98.0,95.0,97.0,98.0,96.0,0.5606060606060607,,,0.6630170316301703,,
66,1492,"1492 -  Övriga verksamhetschefer inom utbildning, nivå 2",58.5,84.0,35.6,6.4,9.6,3.5,854.0,405.0,449.0,,,,,,,,,,,0.36458333333333337,,,0.9020044543429844,,
67,1612,"1612 -  Chefer inom bank, finans och försäkring, nivå 2",40.8,63.5,23.6,3.7,5.4,2.4,3578.0,1543.0,2035.0,89.0,86.0,94.0,81.0,81.0,86.0,85.0,91.0,80.0,81.0,0.4444444444444444,0.805,0.81,0.7582309582309582,0.4687593537150291,0.7044188506688507
68,2132,2132 -  Växt- och djurbiologer,72.3,110.2,32.5,6.8,10.0,3.5,692.0,354.0,338.0,97.0,,97.0,100.0,,95.0,98.0,95.0,96.0,98.0,0.35,0.98,1.0,1.047337278106509,0.5993635677871425,0.8443343195266273
69,2161,2161 -  Arkitekter m.fl.,67.3,91.6,38.8,6.1,8.5,3.2,5142.0,2772.0,2370.0,,,,99.0,,103.0,99.0,98.0,97.0,95.0,0.3764705882352941,0.98,0.99,1.169620253164557,0.6536098694971606,0.8790227103499628
70,2219,2219 -  Övriga läkare,59.3,83.7,31.0,5.0,6.9,2.7,4793.0,2570.0,2223.0,92.0,94.0,100.0,100.0,97.0,93.0,94.0,96.0,100.0,100.0,0.391304347826087,1.0,1.0,1.1560953666216824,0.6725958247422135,0.8868499286119423
71,2313,2313 -  Forskarassistenter m.fl.,42.0,71.1,20.0,3.2,4.7,2.1,1405.0,605.0,800.0,90.0,95.0,98.0,98.0,98.0,86.0,95.0,97.0,98.0,98.0,0.44680851063829785,0.98,0.98,0.75625,0.5696649351135036,0.7907646276595744
72,2314,2314 -  Doktorander,56.6,88.1,29.1,6.6,9.9,3.6,12255.0,5721.0,6534.0,97.0,97.0,98.0,98.0,98.0,98.0,98.0,98.0,98.0,98.0,0.36363636363636365,0.98,0.98,0.8755739210284664,0.5529758152711691,0.7998025711662076
73,2330,2330 -  Gymnasielärare,75.1,96.4,44.8,8.0,10.1,4.9,29282.0,17168.0,12114.0,99.0,99.0,99.0,100.0,100.0,99.0,99.0,100.0,101.0,101.0,0.4851485148514852,1.005,1.0,1.4172032359253757,0.8312591746126322,0.9768379376942151
74,2613,2613 -  Åklagare,75.1,98.9,39.9,5.5,6.9,3.5,932.0,556.0,376.0,96.0,96.0,96.0,96.0,97.0,92.0,92.0,92.0,92.0,93.0,0.5072463768115941,0.94,0.96,1.4787234042553192,0.8227208306694265,0.9714924452667284
75,2669,2669 -  Övriga yrken inom socialt arbete,136.3,160.0,91.4,12.4,14.3,9.0,2252.0,1475.0,777.0,99.0,100.0,,103.0,101.0,100.0,102.0,100.0,109.0,105.0,0.6293706293706294,1.06,1.03,1.8983268983268984,1.1421161737885313,1.154424381924382
76,3341,3341 -  Gruppledare för kontorspersonal,66.0,85.6,38.9,6.1,7.8,3.7,4847.0,2815.0,2032.0,88.0,91.0,96.0,91.0,89.0,87.0,89.0,95.0,89.0,90.0,0.4743589743589744,0.9,0.91,1.3853346456692914,0.7336228662211394,0.9174234050070664
77,4212,4212 -  Inkasserare och pantlånare m.fl.,94.1,120.3,45.6,7.8,8.8,5.7,1063.0,690.0,373.0,,,,,,95.0,83.0,102.0,96.0,101.0,0.6477272727272727,,,1.8498659517426272,,
78,4420,4420 -  Brevbärare och postterminalarbetare,120.6,157.9,98.8,9.3,12.5,7.5,16123.0,5941.0,10182.0,99.0,,,,,99.0,,,,,0.6,,,0.5834806521312119,,
79,5120,5120 -  Kockar och kallskänkor,122.3,163.1,68.7,11.0,14.6,6.3,33792.0,19185.0,14607.0,97.0,98.0,96.0,96.0,97.0,98.0,98.0,96.0,97.0,95.0,0.4315068493150685,0.965,0.96,1.3134113781063874,0.7245919538661227,0.917479556855364
80,5221,5221 -  Säljande butikschefer och avdelningschefer i butik,85.0,108.8,53.5,8.9,11.8,5.1,24325.0,13856.0,10469.0,93.0,91.0,87.0,86.0,,89.0,90.0,86.0,82.0,75.0,0.43220338983050843,0.84,0.86,1.3235266023497947,0.642834668456512,0.8639324980450758
81,5242,5242 -  Telefonförsäljare m.fl.,96.8,138.2,68.6,10.3,14.8,7.2,5943.0,2403.0,3540.0,100.0,,,95.0,98.0,98.0,101.0,96.0,97.0,99.0,0.48648648648648646,0.96,0.95,0.6788135593220339,0.5487923692891635,0.76882501145213
82,6112,6112 -  Trädgårdsodlare,80.0,92.4,70.7,9.0,12.9,6.0,2525.0,1082.0,1443.0,,,,,,97.0,92.0,92.0,90.0,91.0,0.46511627906976744,,,0.7498267498267498,,
83,8181,"8181 -  Maskinoperatörer, påfyllning, packning och märkning",125.2,166.4,104.2,10.8,13.9,9.1,4551.0,1538.0,3013.0,,94.0,95.0,96.0,97.0,101.0,94.0,96.0,96.0,97.0,0.6546762589928057,0.96,0.96,0.5104546963159642,0.5549618522073745,0.7712827388271924
84,9320,9320 -  Handpaketerare och andra fabriksarbetare,115.8,152.2,92.2,11.4,16.0,8.4,9777.0,3844.0,5933.0,94.0,92.0,94.0,97.0,98.0,95.0,93.0,96.0,97.0,98.0,0.525,0.97,0.97,0.6479015675037924,0.5657256906432366,0.7782253918759481
85,1112,"1112 -  General-, landstings- och kommundirektörer m.fl.",28.2,37.4,20.0,2.2,3.5,1.1,2375.0,1122.0,1253.0,97.0,98.0,98.0,99.0,100.0,97.0,98.0,98.0,99.0,100.0,0.31428571428571433,0.99,0.99,0.8954509177972865,0.5251923699223885,0.7974341580207502
86,1212,"1212 -  Ekonomi- och finanschefer, nivå 2",49.3,63.8,28.5,4.5,5.8,2.7,8682.0,5107.0,3575.0,78.0,82.0,83.0,91.0,89.0,71.0,70.0,80.0,85.0,85.0,0.4655172413793104,0.88,0.91,1.4285314685314685,0.7297512093763237,0.9210121774776947
87,1222,"1222 -  Personal- och HR-chefer, nivå 2",61.8,78.0,37.3,5.8,7.4,3.5,3966.0,2384.0,1582.0,98.0,89.0,92.0,99.0,94.0,101.0,93.0,98.0,102.0,95.0,0.47297297297297297,1.005,0.99,1.506953223767383,0.8421097127080674,0.993731549185089
88,1291,"1291 -  Övriga administrations- och servicechefer, nivå 1",46.3,71.4,29.4,4.9,7.2,3.3,6416.0,2578.0,3838.0,90.0,,79.0,84.0,,90.0,76.0,75.0,84.0,,0.4583333333333333,0.84,0.84,0.6717040125065138,0.46607840289441277,0.7025093364599617
89,1521,"1521 -  Avdelningschefer inom socialt och kurativt arbete, nivå 1",77.1,89.1,49.1,6.8,7.4,5.5,882.0,617.0,265.0,,,,,98.0,101.0,104.0,105.0,,102.0,0.7432432432432432,,,2.328301886792453,,
90,1611,"1611 -  Chefer inom bank, finans och försäkring, nivå 1",22.1,33.9,15.5,1.4,1.9,1.1,1310.0,472.0,838.0,68.0,72.0,70.0,71.0,71.0,67.0,72.0,68.0,70.0,69.0,0.5789473684210527,0.705,0.71,0.5632458233890215,0.404010139650709,0.6392982979525186
91,2162,2162 -  Landskapsarkitekter,68.0,100.5,36.2,6.9,10.7,3.1,1588.0,786.0,802.0,97.0,,,99.0,97.0,97.0,97.0,95.0,97.0,95.0,0.28971962616822433,0.98,0.99,0.9800498753117207,0.5248602489550729,0.8099423753699863
92,2312,2312 -  Universitets- och högskolelektorer,51.6,73.6,33.2,5.4,8.3,2.9,7804.0,3558.0,4246.0,97.0,97.0,97.0,97.0,97.0,97.0,97.0,97.0,97.0,97.0,0.34939759036144574,0.97,0.97,0.8379651436646255,0.5248614356045866,0.7818406835065178
93,2415,2415 -  Nationalekonomer och makroanalytiker m.fl.,49.2,77.6,25.2,3.5,5.4,2.0,1241.0,567.0,674.0,93.0,97.0,95.0,,,86.0,95.0,91.0,91.0,97.0,0.37037037037037035,,,0.841246290801187,,
94,3441,3441 -  Trafiklärare,88.5,126.5,67.6,10.5,14.3,8.3,1423.0,506.0,917.0,,,,,,,,,,,0.5804195804195804,,,0.5517993456924755,,
95,4115,4115 -  Inköps- och orderassistenter,70.2,81.2,48.8,6.4,7.3,4.5,7307.0,4829.0,2478.0,90.0,91.0,88.0,,91.0,91.0,89.0,92.0,99.0,90.0,0.6164383561643836,,,1.9487489911218725,,
96,5223,"5223 -  Butikssäljare, fackhandel",86.8,105.5,56.8,8.3,10.2,5.3,89068.0,54800.0,34268.0,93.0,92.0,94.0,97.0,96.0,92.0,92.0,92.0,96.0,95.0,0.5196078431372549,0.965,0.97,1.5991595657756508,0.8819282879112766,1.0134418522282265
97,5412,5412 -  Kriminalvårdare,121.3,157.0,99.7,12.0,16.9,9.0,7401.0,2796.0,4605.0,98.0,98.0,98.0,98.0,98.0,98.0,98.0,97.0,97.0,97.0,0.5325443786982249,0.975,0.98,0.6071661237785017,0.5558364389191917,0.7736776256191816
98,9210,9210 -  Bärplockare och plantörer m.fl.,79.9,104.6,66.1,8.3,11.5,6.6,2617.0,937.0,1680.0,,,,,,109.0,101.0,97.0,90.0,98.0,0.5739130434782609,,,0.5577380952380953,,
99,1230,1230 -  Förvaltnings- och planeringschefer,39.2,62.3,25.2,4.0,6.0,2.8,9906.0,3722.0,6184.0,93.0,92.0,87.0,89.0,89.0,96.0,93.0,83.0,86.0,89.0,0.4666666666666666,0.875,0.89,0.601875808538163,0.46768760950686306,0.7083856188012074
100,1522,"1522 -  Enhetschefer inom socialt och kurativt arbete, nivå 2",96.5,107.1,68.9,8.2,8.8,6.7,3720.0,2689.0,1031.0,101.0,100.0,102.0,101.0,100.0,102.0,101.0,104.0,105.0,102.0,0.7613636363636364,1.03,1.01,2.6081474296799225,1.4372801676313114,1.3523777665108898
101,2226,2226 -  Ambulanssjuksköterskor m.fl.,102.0,157.6,63.3,7.1,11.0,4.4,2519.0,1034.0,1485.0,99.0,100.0,99.0,99.0,98.0,99.0,100.0,98.0,98.0,97.0,0.4,0.985,0.99,0.6962962962962963,0.5211500103936806,0.767824074074074
102,2260,2260 -  Tandläkare,114.9,145.9,60.7,9.4,11.5,5.7,5307.0,3378.0,1929.0,96.0,94.0,91.0,,95.0,97.0,94.0,91.0,94.0,93.0,0.4956521739130435,,,1.7511664074650077,,
103,2311,2311 -  Professorer,34.4,51.6,24.2,3.6,5.3,2.5,6256.0,2325.0,3931.0,91.0,92.0,91.0,97.0,98.0,87.0,86.0,90.0,97.0,98.0,0.4716981132075472,0.97,0.97,0.5914525566013737,0.5123464843737192,0.7507876674522301
104,2359,2359 -  Övriga pedagoger med teoretisk specialistkompetens,91.4,113.1,56.3,8.5,10.6,5.1,17088.0,10554.0,6534.0,98.0,99.0,99.0,100.0,99.0,97.0,99.0,100.0,101.0,100.0,0.4811320754716981,1.005,1.0,1.6152433425160697,0.8837596441824455,1.025343854496942
105,2411,2411 -  Revisorer m.fl.,52.0,69.7,26.8,4.9,6.6,2.6,11131.0,6542.0,4589.0,95.0,92.0,92.0,89.0,91.0,92.0,89.0,89.0,86.0,90.0,0.393939393939394,0.875,0.89,1.4255829156679014,0.6613174418261035,0.8961305774018239
106,3412,3412 -  Pastorer m.fl.,73.8,106.7,56.0,7.2,10.2,5.5,854.0,300.0,554.0,,,,,,,,,,,0.5392156862745099,,,0.5415162454873647,,
107,4222,4222 -  Kundtjänstpersonal,95.1,117.3,62.4,9.1,11.9,5.0,23008.0,13672.0,9336.0,92.0,97.0,97.0,97.0,95.0,93.0,100.0,102.0,101.0,98.0,0.42016806722689076,0.99,0.97,1.4644387317909169,0.7686888635630736,0.961151699754452
108,8141,"8141 -  Maskinoperatörer, gummiindustri",122.0,164.6,104.8,10.4,12.9,9.4,1968.0,565.0,1403.0,94.0,99.0,,94.0,97.0,94.0,100.0,89.0,94.0,97.0,0.7286821705426356,0.94,0.94,0.40270848182466146,0.5092045945613294,0.7528476630918243
109,2284,2284 -  Optiker,85.3,105.1,34.4,9.9,11.0,7.2,1559.0,1123.0,436.0,,,,,,119.0,83.0,,91.0,103.0,0.6545454545454545,,,2.5756880733944953,,
110,2654,"2654 -  Regissörer och producenter av film, teater m.m.",52.7,92.8,23.7,5.4,8.6,3.0,1385.0,582.0,803.0,,,,,,116.0,112.0,101.0,103.0,101.0,0.3488372093023256,,,0.7247820672478207,,
111,3154,3154 -  Flygledare,55.6,81.6,37.3,3.2,5.1,1.8,684.0,282.0,402.0,100.0,,98.0,98.0,97.0,105.0,,97.0,101.0,101.0,0.35294117647058826,0.995,0.98,0.7014925373134329,0.49134582518808784,0.7573584284460053
112,3333,3333 -  Arbetsförmedlare,133.3,157.4,87.9,15.6,19.0,9.2,16222.0,10590.0,5632.0,101.0,101.0,100.0,102.0,101.0,100.0,100.0,100.0,103.0,101.0,0.4842105263157894,1.025,1.02,1.8803267045454546,0.9756539086641465,1.1023843077153108
113,3335,3335 -  Fastighetsförvaltare,61.7,86.0,49.0,6.4,9.4,4.8,4719.0,1617.0,3102.0,98.0,91.0,96.0,94.0,,96.0,90.0,93.0,94.0,89.0,0.5106382978723404,0.94,0.94,0.5212765957446809,0.4849742261192856,0.7279787234042553
114,4221,4221 -  Resesäljare och trafikassistenter m.fl.,101.0,110.3,75.2,8.5,9.2,6.6,6625.0,4869.0,1756.0,92.0,95.0,97.0,99.0,96.0,92.0,94.0,98.0,99.0,96.0,0.717391304347826,0.99,0.99,2.7727790432801824,1.3962747365020962,1.367542586907002
115,5132,5132 -  Bartendrar,69.4,101.3,53.4,5.0,7.3,3.9,2695.0,898.0,1797.0,,,,,,92.0,102.0,100.0,93.0,93.0,0.5342465753424658,,,0.4997217584863662,,
116,5312,5312 -  Elevassistenter m.fl.,128.9,161.3,78.4,11.5,15.0,6.1,30741.0,18752.0,11989.0,100.0,100.0,100.0,100.0,100.0,102.0,103.0,103.0,103.0,102.0,0.4066666666666666,1.015,1.0,1.5641004253899409,0.8034976782294526,0.9964417730141518
117,5349,5349 -  Övrig vård- och omsorgspersonal,104.5,126.7,57.0,11.9,13.9,7.6,10825.0,7371.0,3454.0,,100.0,97.0,99.0,100.0,103.0,103.0,98.0,100.0,102.0,0.5467625899280575,0.995,0.99,2.134047481181239,1.07208834001163,1.1664525177773242
118,7321,7321 -  Prepresstekniker,72.3,84.0,64.7,5.1,7.9,3.3,1550.0,607.0,943.0,,,91.0,94.0,,93.0,94.0,89.0,93.0,92.0,0.4177215189873417,0.935,0.94,0.6436903499469777,0.4861291410798705,0.7341029672335799
119,8169,8169 -  Övriga maskinoperatörer inom livsmedelsindustri m.m.,117.8,161.4,95.5,9.5,14.1,7.2,4355.0,1475.0,2880.0,,96.0,98.0,99.0,100.0,92.0,97.0,99.0,99.0,100.0,0.5106382978723405,0.99,0.99,0.5121527777777778,0.5062810274179789,0.7506977689125296
120,9622,9622 -  Vaktmästare m.fl.,95.8,117.5,90.2,9.9,10.6,9.7,6533.0,1345.0,5188.0,,97.0,,96.0,98.0,84.0,95.0,98.0,96.0,93.0,0.9150943396226415,0.96,0.96,0.2592521202775636,0.4675901198844509,0.7735866149750512
121,1332,"1332 -  Forsknings- och utvecklingschefer, nivå 2",34.9,53.8,27.0,2.9,4.1,2.3,3264.0,967.0,2297.0,91.0,,94.0,99.0,93.0,89.0,96.0,93.0,104.0,93.0,0.5609756097560976,1.015,0.99,0.4209838920330866,0.48714174503329116,0.746739875447296
122,1712,"1712 -  Hotell- och konferenschefer, nivå 2",66.2,79.8,43.3,8.2,10.6,4.2,801.0,501.0,300.0,,,,,,,,,,,0.39622641509433965,,,1.67,,
123,2182,2182 -  Miljö- och hälsoskyddsinspektörer,84.5,100.9,46.7,9.5,11.0,6.0,3467.0,2418.0,1049.0,98.0,97.0,97.0,100.0,99.0,93.0,91.0,94.0,98.0,95.0,0.5454545454545454,0.99,1.0,2.3050524308865588,1.115673927578637,1.2101267440852759
124,2213,2213 -  AT-läkare,60.9,89.9,20.3,4.1,5.6,1.9,2724.0,1591.0,1133.0,98.0,97.0,97.0,100.0,100.0,98.0,97.0,98.0,100.0,100.0,0.3392857142857143,1.0,1.0,1.4042365401588703,0.6902444476806043,0.9358805636111462
125,2421,2421 -  Lednings- och organisationsutvecklare,44.8,69.5,28.8,4.1,6.6,2.5,17198.0,6766.0,10432.0,87.0,92.0,91.0,92.0,89.0,87.0,92.0,92.0,91.0,86.0,0.3787878787878788,0.915,0.92,0.6485812883435583,0.4547625623098709,0.7155922917828593
126,2422,2422 -  Planerare och utredare m.fl.,85.7,106.2,49.3,8.4,10.6,4.6,62135.0,39711.0,22424.0,92.0,92.0,92.0,92.0,93.0,91.0,91.0,92.0,92.0,93.0,0.43396226415094336,0.92,0.92,1.7709150909739564,0.8065154288433787,1.011219338781225
127,2612,2612 -  Domare,44.2,57.0,24.0,5.1,6.7,2.6,1608.0,982.0,626.0,98.0,98.0,97.0,96.0,97.0,91.0,90.0,89.0,90.0,91.0,0.3880597014925373,0.93,0.96,1.5686900958466454,0.7372163199097864,0.9616874493347957
128,2621,2621 -  Museiintendenter m.fl.,71.0,86.1,44.0,7.8,9.7,4.3,1844.0,1185.0,659.0,85.0,97.0,,,,83.0,99.0,99.0,101.0,98.0,0.443298969072165,,,1.7981790591805766,,
129,3115,3115 -  Ingenjörer och tekniker inom kemi och kemiteknik,66.2,99.8,49.5,6.6,9.9,5.0,3234.0,1072.0,2162.0,,98.0,95.0,88.0,90.0,98.0,101.0,96.0,89.0,93.0,0.5050505050505051,0.885,0.88,0.4958371877890842,0.44162121083990796,0.6914719232098973
130,3431,3431 -  Fotografer,57.2,85.2,41.0,5.1,8.2,3.3,2080.0,763.0,1317.0,101.0,107.0,,,,99.0,100.0,93.0,91.0,105.0,0.4024390243902439,,,0.5793470007593015,,
131,3513,3513 -  Systemadministratörer,59.4,85.4,49.7,6.0,8.0,5.2,3484.0,948.0,2536.0,,93.0,94.0,,89.0,99.0,93.0,94.0,87.0,91.0,0.65,,,0.37381703470031546,,
132,4113,4113 -  Backofficepersonal m.fl.,64.6,83.3,33.6,7.2,9.2,3.8,1981.0,1237.0,744.0,,,,92.0,,94.0,102.0,98.0,94.0,90.0,0.41304347826086957,0.93,0.92,1.6626344086021505,0.7665344088819497,0.981419471715755
133,5222,"5222 -  Butikssäljare, dagligvaror",94.3,112.0,57.6,8.7,10.3,5.3,69671.0,46996.0,22675.0,100.0,98.0,100.0,99.0,97.0,99.0,98.0,98.0,98.0,97.0,0.5145631067961165,0.985,0.99,2.0725909592061744,1.0197925494118736,1.1405385165005728
134,6121,6121 -  Uppfödare och skötare av lantbrukets husdjur,69.0,99.5,57.6,7.6,10.6,6.5,11524.0,3127.0,8397.0,,,,100.0,103.0,94.0,96.0,103.0,97.0,104.0,0.6132075471698113,0.985,1.0,0.3723949029415267,0.47426789321663326,0.7426506125278345
135,7319,7319 -  Musikinstrumentmakare och övriga konsthantverkare,124.6,209.5,73.6,10.8,17.0,7.1,674.0,253.0,421.0,,,,,,,,,,,0.41764705882352937,,,0.6009501187648456,,
136,8132,"8132 -  Maskinoperatörer, kemisktekniska och fotografiska produkter",107.4,164.4,84.6,9.3,13.4,7.7,1555.0,444.0,1111.0,95.0,,,,,95.0,93.0,93.0,95.0,98.0,0.5746268656716418,,,0.3996399639963996,,
137,1511,"1511 -  Klinik- och verksamhetschefer inom hälsa och sjukvård, nivå 1",62.4,72.2,39.4,6.1,7.2,3.6,2627.0,1841.0,786.0,81.0,81.0,86.0,85.0,86.0,72.0,70.0,78.0,82.0,79.0,0.5,0.835,0.85,2.342239185750636,0.9117028743199491,1.131809796437659
138,2113,2113 -  Kemister,50.9,75.4,23.2,6.2,10.0,2.0,2847.0,1511.0,1336.0,93.0,96.0,95.0,96.0,97.0,90.0,94.0,93.0,96.0,95.0,0.2,0.96,0.96,1.1309880239520957,0.45657826555241354,0.812747005988024
139,2419,2419 -  Övriga ekonomer,62.4,78.3,35.9,6.6,8.7,3.1,12589.0,7879.0,4710.0,86.0,88.0,86.0,,86.0,83.0,88.0,84.0,,86.0,0.35632183908045983,,,1.672823779193206,,
140,2611,2611 -  Advokater,29.3,53.9,15.3,3.4,5.7,2.1,2459.0,891.0,1568.0,,,,,,,87.0,94.0,,96.0,0.3684210526315789,,,0.5682397959183674,,
141,2643,"2643 -  Översättare, tolkar och lingvister m.fl.",88.6,104.0,55.2,8.8,10.6,5.0,1773.0,1211.0,562.0,,,,99.0,92.0,98.0,99.0,109.0,102.0,93.0,0.4716981132075472,1.005,0.99,2.1548042704626336,1.0056262736771597,1.1553755959175454
142,3312,3312 -  Banktjänstemän,75.8,97.7,40.0,7.5,10.1,3.4,23496.0,14587.0,8909.0,81.0,81.0,80.0,81.0,82.0,79.0,80.0,80.0,81.0,82.0,0.33663366336633666,0.81,0.81,1.6373330340105512,0.6013569056304051,0.898491674344222
143,4223,4223 -  Telefonister,115.3,137.1,60.1,13.0,14.9,8.2,4422.0,3174.0,1248.0,97.0,95.0,,,,100.0,100.0,100.0,100.0,102.0,0.5503355704697986,,,2.543269230769231,,
144,5230,5230 -  Kassapersonal m.fl.,90.2,104.9,54.3,8.8,10.1,5.6,13423.0,9519.0,3904.0,,97.0,96.0,,,107.0,97.0,96.0,95.0,106.0,0.5544554455445544,,,2.4382684426229506,,
145,6113,6113 -  Trädgårdsanläggare m.fl.,116.2,149.8,105.8,10.6,14.5,9.4,12286.0,2918.0,9368.0,,,,,95.0,101.0,95.0,96.0,94.0,97.0,0.6482758620689656,,,0.3114859094790777,,
146,1321,"1321 -  Inköps-, logistik- och transportchefer, nivå 1",37.1,65.2,29.2,3.6,4.9,3.2,3392.0,751.0,2641.0,95.0,94.0,,93.0,91.0,97.0,97.0,86.0,93.0,90.0,0.6530612244897959,0.93,0.93,0.284361984096933,0.40077042543983254,0.6993558021466822
147,1731,"1731 -  Chefer inom handel, nivå 1",55.0,91.2,34.7,5.5,9.4,3.2,1528.0,548.0,980.0,86.0,86.0,86.0,85.0,95.0,86.0,85.0,88.0,88.0,92.0,0.3404255319148936,0.865,0.85,0.5591836734693878,0.37411560207627137,0.6536523013460703
148,2212,2212 -  ST-läkare,79.7,110.1,37.5,7.2,10.5,2.6,8671.0,5043.0,3628.0,96.0,96.0,96.0,98.0,98.0,97.0,96.0,96.0,98.0,97.0,0.24761904761904763,0.98,0.98,1.3900220507166483,0.5749484996830254,0.899410274583924
149,3119,3119 -  Övriga ingenjörer och tekniker,60.9,84.2,54.2,5.5,7.5,4.9,16328.0,3635.0,12693.0,92.0,92.0,95.0,94.0,92.0,93.0,93.0,95.0,94.0,92.0,0.6533333333333334,0.94,0.94,0.2863783187583708,0.4065980855880481,0.704927913022926
150,3359,3359 -  Övriga handläggare,95.2,112.6,53.7,10.2,12.0,5.9,16107.0,11339.0,4768.0,95.0,96.0,96.0,96.0,95.0,86.0,86.0,87.0,88.0,88.0,0.4916666666666667,0.92,0.96,2.3781459731543624,1.0162116449748795,1.1874531599552571
151,3360,3360 -  Poliser,92.3,144.2,66.0,7.3,12.3,4.7,15867.0,5340.0,10527.0,98.0,98.0,98.0,97.0,97.0,95.0,95.0,96.0,96.0,96.0,0.38211382113821135,0.965,0.97,0.5072670276432032,0.4259554841201013,0.7060952121953536
152,3522,"3522 -  Ljus-, ljud och scentekniker",54.2,87.9,48.3,6.3,6.8,6.2,1827.0,273.0,1554.0,101.0,,,,,93.0,97.0,96.0,96.0,101.0,0.911764705882353,,,0.17567567567567569,,
153,4226,4226 -  Marknadsundersökare och intervjuare,113.7,137.3,61.9,12.6,15.2,6.9,932.0,641.0,291.0,,,,,,,103.0,105.0,,105.0,0.45394736842105265,,,2.202749140893471,,
154,4410,4410 -  Biblioteks- och arkivassistenter m.fl.,115.8,132.9,69.4,12.6,14.4,7.7,3576.0,2611.0,965.0,100.0,101.0,101.0,100.0,102.0,97.0,102.0,101.0,99.0,102.0,0.5347222222222222,0.995,1.0,2.705699481865285,1.1998181743124572,1.3088554260218768
155,5151,5151 -  Städledare och husfruar,122.5,135.1,85.9,11.0,12.3,7.1,2187.0,1628.0,559.0,91.0,89.0,86.0,,90.0,85.0,90.0,85.0,85.0,90.0,0.5772357723577235,,,2.9123434704830053,,
156,7323,7323 -  Bokbindare m.fl.,79.2,92.7,73.9,7.9,12.2,6.2,1276.0,356.0,920.0,,94.0,93.0,93.0,93.0,89.0,94.0,93.0,94.0,95.0,0.5081967213114754,0.935,0.93,0.3869565217391304,0.4135178817039866,0.6900383107626515
157,9411,9411 -  Pizzabagare m.fl.,52.9,79.5,46.8,5.7,7.1,5.4,3404.0,629.0,2775.0,,,,,,,,,,,0.7605633802816902,,,0.22666666666666666,,
158,1331,"1331 -  Forsknings- och utvecklingschefer, nivå 1",33.2,41.2,30.6,2.6,3.9,2.2,2593.0,631.0,1962.0,102.0,99.0,99.0,101.0,96.0,100.0,97.0,95.0,99.0,94.0,0.5641025641025642,1.0,1.01,0.3216106014271152,0.42806025108234413,0.7239282913824199
159,1352,"1352 -  Fastighets- och förvaltningschefer, nivå 2",45.1,62.3,40.5,5.2,7.3,4.6,2769.0,594.0,2175.0,,,,,,,,,93.0,98.0,0.6301369863013698,,,0.2731034482758621,,
160,1732,"1732 -  Chefer inom handel, nivå 2",56.6,92.2,43.0,6.6,10.3,5.1,8350.0,2322.0,6028.0,,,,,,85.0,105.0,,111.0,97.0,0.4951456310679611,,,0.3852023888520239,,
161,2114,2114 -  Geologer och geofysiker m.fl.,53.4,90.5,34.1,5.8,9.9,3.6,1292.0,442.0,850.0,96.0,96.0,90.0,94.0,94.0,94.0,94.0,89.0,92.0,92.0,0.36363636363636365,0.93,0.94,0.52,0.4065750517767571,0.6884090909090909
162,2141,2141 -  Civilingenjörsyrken inom logistik och produktionsplanering,48.8,68.6,40.1,3.7,6.2,2.6,4321.0,1327.0,2994.0,94.0,93.0,92.0,94.0,92.0,98.0,91.0,93.0,93.0,91.0,0.41935483870967744,0.935,0.94,0.44321977287909153,0.4041756308987562,0.6843936528971922
163,2241,2241 -  Psykologer,112.2,130.5,60.6,13.2,15.2,7.6,7316.0,5403.0,1913.0,96.0,102.0,99.0,98.0,100.0,95.0,102.0,99.0,100.0,100.0,0.5,0.99,0.98,2.8243596445373758,1.170511368404887,1.3235899111343439
164,2341,2341 -  Grundskollärare,92.9,104.6,57.5,9.0,10.2,5.5,100236.0,75383.0,24853.0,100.0,100.0,100.0,101.0,101.0,102.0,102.0,103.0,104.0,104.0,0.5392156862745099,1.025,1.01,3.0331549511125417,1.3012213398273753,1.4018426593467628
165,2342,2342 -  Fritidspedagoger,138.0,157.2,89.0,13.3,15.6,7.3,17618.0,12650.0,4968.0,100.0,100.0,100.0,100.0,100.0,102.0,102.0,103.0,103.0,103.0,0.46794871794871795,1.015,1.0,2.5462962962962963,1.099731389331032,1.2573112535612534
166,2352,2352 -  Studie- och yrkesvägledare,109.3,118.3,75.2,12.2,13.3,8.3,4446.0,3515.0,931.0,98.0,98.0,100.0,100.0,100.0,98.0,97.0,100.0,101.0,101.0,0.6240601503759399,1.005,1.0,3.7755102040816326,1.538806743237631,1.601142588614393
167,2413,2413 -  Finansanalytiker och investeringsrådgivare m.fl.,36.8,77.6,16.1,3.3,5.8,2.0,4597.0,1547.0,3050.0,80.0,75.0,75.0,78.0,74.0,79.0,75.0,74.0,76.0,70.0,0.3448275862068966,0.77,0.78,0.5072131147540984,0.32410736658754663,0.6005101752402487
168,3355,3355 -  Brandingenjörer och byggnadsinspektörer m.fl.,66.7,115.3,45.3,7.1,11.9,5.0,2863.0,876.0,1987.0,94.0,96.0,96.0,95.0,95.0,94.0,97.0,97.0,95.0,95.0,0.42016806722689076,0.95,0.95,0.4408656265727227,0.4088728244173356,0.6902584234499033
169,4114,4114 -  Marknads- och försäljningsassistenter,76.5,87.3,48.4,7.8,9.2,4.2,10545.0,7614.0,2931.0,83.0,87.0,90.0,94.0,92.0,85.0,92.0,91.0,97.0,94.0,0.4565217391304348,0.955,0.94,2.5977482088024564,1.0317984500258175,1.2373174869832226
170,4224,4224 -  Hotellreceptionister m.fl.,75.3,86.6,42.4,6.8,7.8,4.1,7287.0,5425.0,1862.0,100.0,98.0,99.0,,,101.0,96.0,99.0,98.0,96.0,0.5256410256410257,,,2.9135338345864663,,
171,5342,"5342 -  Vårdare, boendestödjare",153.7,175.2,93.7,16.5,19.0,9.8,60116.0,44294.0,15822.0,100.0,100.0,100.0,100.0,101.0,101.0,100.0,101.0,101.0,102.0,0.5157894736842106,1.005,1.0,2.7995196561749465,1.2046503990275408,1.3300772824647893
172,5414,5414 -  SOS-operatörer m.fl.,150.8,195.5,78.8,13.9,19.1,5.5,1359.0,839.0,520.0,,97.0,97.0,97.0,98.0,99.0,97.0,98.0,98.0,98.0,0.28795811518324604,0.975,0.97,1.6134615384615385,0.6628757701479324,0.9616049134111961
173,7322,7322 -  Tryckare,80.9,111.4,75.2,7.8,9.5,7.5,4448.0,709.0,3739.0,89.0,93.0,92.0,88.0,94.0,87.0,90.0,90.0,87.0,95.0,0.7894736842105263,0.875,0.88,0.1896228938218775,0.3395154770243747,0.683524144508101
174,8143,"8143 -  Maskinoperatörer, pappersvaruindustri",119.0,151.0,110.5,9.9,13.9,8.9,3202.0,669.0,2533.0,,,,,,96.0,92.0,93.0,94.0,96.0,0.6402877697841727,,,0.26411369917094357,,
175,8212,"8212 -  Montörer, elektrisk och elektronisk utrustning",114.0,165.5,95.4,10.2,15.7,8.2,12458.0,3306.0,9152.0,93.0,91.0,93.0,94.0,94.0,93.0,92.0,93.0,94.0,94.0,0.5222929936305732,0.94,0.94,0.3612325174825175,0.4082990528582741,0.6908813777782726
176,8213,"8213 -  Montörer, metall-, gummi- och plastprodukter",113.9,164.2,98.1,10.4,15.3,8.8,13185.0,3155.0,10030.0,95.0,92.0,90.0,95.0,94.0,96.0,92.0,92.0,95.0,95.0,0.5751633986928105,0.95,0.95,0.31455633100697905,0.4040810101961475,0.6974299324249474
177,8219,8219 -  Övriga montörer,105.5,165.4,85.3,8.0,12.5,6.5,8132.0,2056.0,6076.0,92.0,93.0,97.0,95.0,98.0,92.0,93.0,97.0,95.0,99.0,0.52,0.95,0.95,0.33838051349572085,0.3984996549352857,0.6895951283739302
178,9120,"9120 -  Bilrekonditionerare, fönsterputsare och övriga rengöringsarbetare",102.6,151.5,89.3,9.5,13.5,8.5,5497.0,1175.0,4322.0,,100.0,,108.0,109.0,90.0,98.0,110.0,106.0,116.0,0.6296296296296297,1.07,1.08,0.2718648773715872,0.4447571076166933,0.7628736267503042
179,9412,9412 -  Restaurang- och köksbiträden m.fl.,104.2,129.8,53.5,9.7,12.3,4.5,57551.0,38257.0,19294.0,99.0,99.0,100.0,98.0,100.0,98.0,99.0,100.0,97.0,100.0,0.36585365853658536,0.975,0.98,1.982844407587851,0.8325558279347511,1.075924516531109
180,1251,"1251 -  Försäljnings- och marknadschefer, nivå 1",33.2,57.4,25.5,2.9,4.7,2.4,11522.0,2788.0,8734.0,81.0,97.0,93.0,85.0,86.0,80.0,92.0,92.0,84.0,85.0,0.5106382978723404,0.845,0.85,0.3192122738722235,0.3421639888350598,0.631212642936141
181,1312,"1312 -  IT-chefer, nivå 2",34.8,59.5,28.1,3.2,4.7,2.8,6580.0,1411.0,5169.0,98.0,89.0,92.0,107.0,109.0,99.0,93.0,96.0,107.0,109.0,0.5957446808510638,1.07,1.07,0.2729734958405881,0.4314933482601848,0.752179544172913
182,2179,2179 -  Övriga designer och formgivare,67.3,86.6,27.0,8.6,11.0,3.7,2052.0,1386.0,666.0,,,,,,92.0,,82.0,79.0,83.0,0.33636363636363636,,,2.081081081081081,,
183,2223,2223 -  Anestesisjuksköterskor,112.1,121.7,82.4,9.1,10.2,5.4,3255.0,2466.0,789.0,99.0,99.0,99.0,99.0,99.0,101.0,101.0,102.0,101.0,101.0,0.5294117647058825,1.0,0.99,3.1254752851711025,1.2798893516255163,1.4112217624692462
184,2272,2272 -  Sjukgymnaster,108.7,120.1,66.4,10.8,11.8,7.1,9989.0,7880.0,2109.0,100.0,103.0,101.0,102.0,102.0,101.0,103.0,103.0,104.0,106.0,0.6016949152542372,1.03,1.02,3.7363679468942625,1.536850730253446,1.597015715537125
185,2432,"2432 -  Informatörer, kommunikatörer och PR-specialister",85.5,102.2,47.3,8.2,10.2,3.7,14596.0,10152.0,4444.0,95.0,96.0,95.0,98.0,98.0,95.0,95.0,94.0,98.0,98.0,0.36274509803921573,0.98,0.98,2.2844284428442845,0.8921042970260726,1.151793385220875
186,2515,2515 -  Systemförvaltare m.fl.,50.3,85.0,36.5,4.8,8.1,3.5,6344.0,1801.0,4543.0,95.0,97.0,98.0,98.0,102.0,98.0,98.0,99.0,98.0,102.0,0.4320987654320988,0.98,0.98,0.3964340744001761,0.4056047911800858,0.6971332099580687
187,2519,2519 -  Övriga IT-specialister,49.5,90.1,33.4,5.0,8.6,3.6,10511.0,2986.0,7525.0,97.0,95.0,95.0,96.0,96.0,98.0,95.0,97.0,96.0,96.0,0.4186046511627907,0.96,0.96,0.3968106312292359,0.3912595106009698,0.6838538205980066
188,2623,2623 -  Arkeologer och specialister inom humaniora m.m.,60.9,94.6,21.1,6.1,10.1,1.4,1035.0,560.0,475.0,96.0,96.0,97.0,95.0,97.0,96.0,95.0,96.0,94.0,96.0,0.1386138613861386,0.945,0.95,1.1789473684210525,0.3830259924484095,0.8031403074517978
189,3111,"3111 -  Ingenjörer och tekniker inom industri, logistik och produktionsplanering",60.4,95.9,49.5,4.7,7.1,3.9,7305.0,1710.0,5595.0,90.0,,93.0,92.0,92.0,93.0,94.0,93.0,92.0,91.0,0.5492957746478874,0.92,0.92,0.30563002680965146,0.3769545295733391,0.6737314503643848
190,3351,3351 -  Tull- och kustbevakningstjänstemän,84.9,154.1,44.7,7.1,13.3,3.4,1590.0,584.0,1006.0,93.0,90.0,91.0,87.0,91.0,92.0,90.0,91.0,87.0,91.0,0.2556390977443609,0.87,0.87,0.5805168986083499,0.33515084897830033,0.6440389990881776
191,3352,3352 -  Skattehandläggare,92.7,111.2,50.9,9.9,12.2,4.6,5899.0,4090.0,1809.0,94.0,95.0,95.0,96.0,96.0,93.0,94.0,95.0,95.0,95.0,0.3770491803278688,0.955,0.96,2.2609176340519626,0.8840537554929573,1.1382417035949577
192,4119,4119 -  Övriga kontorsassistenter och sekreterare,103.5,113.3,66.2,11.5,12.6,7.3,69387.0,55029.0,14358.0,98.0,96.0,101.0,101.0,99.0,99.0,97.0,103.0,103.0,101.0,0.5793650793650794,1.02,1.01,3.8326368575010448,1.5124665070766874,1.610500484216531
193,4322,4322 -  Lager- och terminalpersonal,116.2,156.5,105.2,9.4,14.1,8.1,70049.0,14944.0,55105.0,97.0,95.0,95.0,97.0,97.0,97.0,95.0,95.0,97.0,97.0,0.5744680851063829,0.97,0.97,0.271191361945377,0.3828623083494356,0.6964148617629401
194,4323,4323 -  Transportledare och transportsamordnare,71.6,109.5,55.7,6.7,11.6,4.7,7377.0,2173.0,5204.0,94.0,95.0,96.0,92.0,,94.0,95.0,96.0,93.0,90.0,0.4051724137931035,0.925,0.92,0.41756341275941583,0.37944246554170125,0.6669339566381298
195,8189,8189 -  Andra process- och maskinoperatörer,94.2,129.2,86.7,8.6,11.5,7.9,3046.0,542.0,2504.0,94.0,96.0,95.0,93.0,,94.0,96.0,95.0,94.0,91.0,0.6869565217391305,0.935,0.93,0.21645367412140576,0.3595790545509182,0.6921025489651341
196,8214,"8214 -  Montörer, träprodukter",130.6,205.2,110.6,10.1,15.2,8.7,4539.0,960.0,3579.0,96.0,97.0,97.0,95.0,,96.0,97.0,97.0,96.0,95.0,0.5723684210526315,0.955,0.95,0.26823134953897737,0.3732124200476011,0.6863999426479022
197,9111,9111 -  Städare,133.0,149.1,81.7,12.8,14.5,7.7,66528.0,50561.0,15967.0,96.0,97.0,97.0,96.0,97.0,96.0,96.0,96.0,96.0,97.0,0.5310344827586208,0.96,0.96,3.166593599298553,1.2448836392257796,1.4044070205142933
198,1241,"1241 -  Informations-, kommunikations- och PR-chefer, nivå 1",36.9,45.1,23.9,3.9,5.6,1.2,1301.0,799.0,502.0,90.0,,98.0,,97.0,89.0,100.0,102.0,,100.0,0.2142857142857143,,,1.591633466135458,,
199,1252,"1252 -  Försäljnings- och marknadschefer, nivå 2",41.7,69.6,31.4,4.4,7.9,3.2,13810.0,3736.0,10074.0,95.0,82.0,88.0,89.0,88.0,90.0,81.0,87.0,93.0,89.0,0.4050632911392405,0.91,0.89,0.37085566805638276,0.3488025116381899,0.6439797397989059
200,1341,"1341 -  Chefer inom arkitekt- och ingenjörsverksamhet, nivå 1",45.4,73.6,35.8,3.2,5.6,2.4,2665.0,679.0,1986.0,93.0,93.0,89.0,99.0,96.0,91.0,92.0,85.0,95.0,95.0,0.4285714285714286,0.97,0.99,0.3418932527693857,0.3751114637969671,0.6826161703352036
201,2142,2142 -  Civilingenjörsyrken inom bygg och anläggning,55.3,92.9,42.4,4.5,7.9,3.3,12272.0,3144.0,9128.0,95.0,95.0,97.0,99.0,96.0,93.0,93.0,97.0,98.0,95.0,0.4177215189873417,0.985,0.99,0.3444347063978966,0.37456965400054565,0.6842890563463097
202,2149,2149 -  Övriga civilingenjörsyrken,50.6,81.1,39.1,5.0,8.8,3.6,19795.0,5411.0,14384.0,94.0,96.0,96.0,96.0,95.0,93.0,94.0,94.0,94.0,93.0,0.40909090909090906,0.95,0.96,0.3761818687430478,0.37463320113527143,0.6738181944584891
203,2423,2423 -  Personal- och HR-specialister,81.6,92.2,46.2,7.8,8.8,4.4,16804.0,12948.0,3856.0,92.0,93.0,90.0,92.0,97.0,90.0,92.0,91.0,90.0,97.0,0.5,0.91,0.92,3.357883817427386,1.1855843141569915,1.4219709543568464
204,2514,2514 -  Systemtestare och testledare,59.5,98.6,40.8,5.7,10.4,3.4,4200.0,1359.0,2841.0,99.0,98.0,99.0,97.0,96.0,100.0,100.0,101.0,98.0,98.0,0.3269230769230769,0.975,0.97,0.4783526927138332,0.38457856567736365,0.6875689424092275
205,2622,2622 -  Bibliotekarier och arkivarier,96.0,111.8,45.3,9.2,10.5,4.8,7241.0,5520.0,1721.0,97.0,97.0,99.0,99.0,98.0,95.0,95.0,98.0,99.0,96.0,0.45714285714285713,0.99,0.99,3.207437536316095,1.198782149510726,1.411145098364738
206,3211,"3211 -  Tekniker, bilddiagnostik och medicinteknisk utrustning",104.6,174.8,83.7,11.0,18.2,8.9,1520.0,349.0,1171.0,99.0,96.0,,,90.0,98.0,98.0,89.0,89.0,86.0,0.48901098901098905,,,0.29803586678052946,,
207,3322,3322 -  Företagssäljare,55.7,95.0,41.9,5.4,9.5,3.9,72253.0,18713.0,53540.0,91.0,94.0,89.0,86.0,88.0,89.0,92.0,88.0,84.0,89.0,0.4105263157894737,0.85,0.86,0.34951438177063876,0.32386328353178745,0.6175101743900281
208,5111,5111 -  Kabinpersonal m.fl.,175.2,197.8,86.2,13.1,14.4,8.3,2123.0,1694.0,429.0,100.0,,97.0,100.0,101.0,99.0,101.0,97.0,100.0,101.0,0.576388888888889,1.0,1.0,3.948717948717949,1.5086408290236453,1.6312767094017095
209,5226,5226 -  Uthyrare,74.2,132.7,57.6,7.4,12.3,6.1,1536.0,339.0,1197.0,,,,,94.0,82.0,93.0,96.0,90.0,90.0,0.4959349593495934,,,0.2832080200501253,,
210,5343,5343 -  Personliga assistenter,122.3,144.2,60.0,13.3,15.5,6.9,65065.0,48104.0,16961.0,100.0,99.0,99.0,99.0,99.0,100.0,99.0,100.0,100.0,100.0,0.44516129032258067,0.995,0.99,2.8361535286834503,1.1151998498942506,1.3165787047515076
211,5413,5413 -  Väktare och ordningsvakter,99.3,160.5,77.5,8.9,15.3,6.6,15089.0,3975.0,11114.0,95.0,94.0,94.0,95.0,94.0,95.0,94.0,94.0,95.0,93.0,0.4313725490196078,0.95,0.95,0.35765700917761384,0.3731498126632493,0.6722573895493054
212,7611,7611 -  Slaktare och styckare m.fl.,161.2,204.2,153.8,12.2,16.7,11.4,3295.0,480.0,2815.0,,,,,,,90.0,93.0,89.0,90.0,0.6826347305389222,,,0.1705150976909414,,
213,8142,"8142 -  Maskinoperatörer, plastindustri",115.3,172.0,95.8,9.9,16.7,7.5,7278.0,1860.0,5418.0,92.0,93.0,95.0,91.0,95.0,92.0,93.0,96.0,91.0,96.0,0.44910179640718567,0.91,0.91,0.3433001107419712,0.3573145985301976,0.6531004767872892
214,1221,"1221 -  Personal- och HR-chefer, nivå 1",50.1,58.0,33.2,5.6,7.2,2.1,3114.0,2120.0,994.0,96.0,91.0,,,90.0,97.0,89.0,,,95.0,0.2916666666666667,,,2.132796780684105,,
215,1311,"1311 -  IT-chefer, nivå 1",36.3,55.8,30.6,3.3,5.7,2.6,3004.0,681.0,2323.0,91.0,100.0,96.0,102.0,104.0,90.0,100.0,95.0,104.0,106.0,0.45614035087719296,1.03,1.02,0.2931554024967714,0.3748149417634481,0.6998239383434911
216,1322,"1322 -  Inköps-, logistik- och transportchefer, nivå 2",54.5,85.8,46.3,5.3,8.5,4.4,6629.0,1376.0,5253.0,,102.0,,,,,107.0,97.0,98.0,,0.5176470588235295,,,0.2619455549209975,,
217,1361,"1361 -  Driftchefer inom bygg, anläggning och gruva, nivå 1",38.8,63.9,35.3,3.7,4.8,3.6,2993.0,360.0,2633.0,87.0,97.0,93.0,,,89.0,99.0,99.0,116.0,110.0,0.75,,,0.13672616786935055,,
218,2250,2250 -  Veterinärer,113.7,133.0,44.3,10.6,11.9,5.9,2067.0,1616.0,451.0,91.0,89.0,96.0,99.0,95.0,86.0,90.0,95.0,97.0,95.0,0.4957983193277311,0.98,0.99,3.5831485587583147,1.3128513876827805,1.5122367195215114
219,2615,2615 -  Förvaltnings- och organisationsjurister,66.9,88.7,28.5,5.2,7.4,1.5,2914.0,1860.0,1054.0,84.0,93.0,94.0,97.0,96.0,83.0,88.0,87.0,92.0,90.0,0.2027027027027027,0.945,0.97,1.7647058823529411,0.5726215757360267,0.970602146263911
220,2619,2619 -  Övriga jurister,85.6,103.8,44.2,8.2,10.5,3.1,6236.0,4335.0,1901.0,95.0,100.0,100.0,96.0,93.0,92.0,97.0,97.0,94.0,91.0,0.29523809523809524,0.95,0.96,2.280378748027354,0.7835867956557167,1.1214042108163622
221,4321,4321 -  Arbetsledare inom lager och terminal,77.9,111.9,70.3,5.8,9.0,5.1,5445.0,992.0,4453.0,,93.0,95.0,94.0,94.0,89.0,92.0,94.0,93.0,91.0,0.5666666666666667,0.935,0.94,0.2227711655064002,0.33309111942433894,0.6661094580432667
222,5224,5224 -  Optikerassistenter,111.2,125.7,72.9,9.7,11.7,4.2,3094.0,2244.0,850.0,,,,,,,,94.0,,,0.35897435897435903,,,2.64,,
223,5322,"5322 -  Undersköterskor, habilitering",174.8,187.5,114.8,22.1,23.7,14.2,3776.0,3114.0,662.0,99.0,99.0,100.0,100.0,,100.0,100.0,100.0,101.0,,0.5991561181434599,1.005,1.0,4.7039274924471295,1.6829969908127989,1.8270209026476474
224,6130,"6130 -  Växtodlare och djuruppfödare, blandad drift",59.0,63.0,58.1,8.1,13.2,6.9,6859.0,1302.0,5557.0,,,,,,100.0,112.0,99.0,94.0,101.0,0.5227272727272728,,,0.23429908223861795,,
225,7131,7131 -  Målare,110.6,175.2,105.5,9.0,10.4,8.9,11164.0,816.0,10348.0,,,,,,89.0,97.0,93.0,92.0,96.0,0.8557692307692307,,,0.07885581754928489,,
226,7134,7134 -  Saneringsarbetare m.fl.,127.1,191.3,118.1,11.1,14.7,10.6,3202.0,392.0,2810.0,,,,,,100.0,95.0,91.0,97.0,96.0,0.7210884353741497,,,0.13950177935943062,,
227,8172,"8172 -  Processoperatörer, papper",100.7,144.6,92.3,8.8,13.3,7.9,5603.0,899.0,4704.0,94.0,93.0,93.0,95.0,94.0,93.0,93.0,93.0,95.0,93.0,0.5939849624060151,0.95,0.95,0.1911139455782313,0.32007924928999176,0.6712747269960615
228,8344,8344 -  Truckförare,113.3,152.8,107.1,9.4,12.9,8.8,10414.0,1414.0,9000.0,97.0,99.0,99.0,100.0,103.0,96.0,98.0,99.0,100.0,103.0,0.6821705426356589,1.0,1.0,0.15711111111111112,0.3273783314771428,0.7098204134366924
229,9621,9621 -  Reklamutdelare och tidningsdistributörer,94.6,162.9,73.2,8.3,14.6,6.3,6077.0,1449.0,4628.0,98.0,100.0,100.0,100.0,101.0,97.0,100.0,100.0,100.0,101.0,0.4315068493150685,1.0,1.0,0.3130942091616249,0.36756264191852495,0.6861502646191734
230,1342,"1342 -  Chefer inom arkitekt- och ingenjörsverksamhet, nivå 2",45.6,77.3,36.0,4.3,7.9,3.2,6471.0,1500.0,4971.0,93.0,97.0,97.0,93.0,96.0,91.0,96.0,96.0,93.0,94.0,0.4050632911392405,0.93,0.93,0.30175015087507545,0.3251383070021805,0.641703360503579
231,1512,"1512 -  Avdelnings- och enhetschefer inom hälsa och sjukvård, nivå 2",82.2,91.3,43.1,7.3,8.0,4.1,8616.0,6990.0,1626.0,87.0,87.0,89.0,88.0,90.0,85.0,87.0,89.0,88.0,93.0,0.5125,0.88,0.88,4.2988929889298895,1.3061947211065026,1.6428482472324724
232,2225,2225 -  Psykiatrisjuksköterskor,149.1,159.9,108.0,18.2,20.5,9.5,4017.0,3184.0,833.0,97.0,98.0,97.0,96.0,97.0,97.0,97.0,98.0,97.0,98.0,0.4634146341463415,0.965,0.96,3.822328931572629,1.2809971813335908,1.5526858914297428
233,2227,2227 -  Geriatriksjuksköterskor,154.1,158.1,113.4,15.7,16.1,12.2,10414.0,9488.0,926.0,96.0,96.0,96.0,96.0,96.0,97.0,97.0,96.0,95.0,91.0,0.7577639751552794,0.955,0.96,10.24622030237581,2.668001837201046,3.2297460693827724
234,2228,2228 -  Intensivvårdssjuksköterskor,125.2,135.8,60.5,10.1,10.7,6.4,3627.0,3115.0,512.0,97.0,97.0,98.0,97.0,99.0,99.0,100.0,100.0,100.0,102.0,0.5981308411214954,0.985,0.97,6.083984375,1.8646448479210471,2.159278804030374
235,2513,2513 -  Utvecklare inom spel och digitala media,33.2,48.9,31.1,3.5,5.0,3.3,2196.0,266.0,1930.0,91.0,,97.0,,,88.0,90.0,96.0,92.0,92.0,0.6599999999999999,,,0.1378238341968912,,
236,2661,2661 -  Socialsekreterare,146.3,155.1,93.0,14.8,15.6,9.5,21265.0,18275.0,2990.0,100.0,101.0,100.0,102.0,100.0,100.0,100.0,99.0,100.0,100.0,0.608974358974359,1.01,1.02,6.1120401337792645,1.9581834462871694,2.1877536231884056
237,3112,3112 -  Ingenjörer och tekniker inom bygg och anläggning,57.8,100.1,47.7,5.5,9.2,4.6,18838.0,3616.0,15222.0,94.0,,94.0,94.0,92.0,93.0,92.0,95.0,94.0,91.0,0.5,0.94,0.94,0.23755091315201682,0.32395986391922227,0.6543877282880042
238,3512,"3512 -  Supporttekniker, IT",64.8,120.2,47.2,6.0,11.1,4.4,15026.0,3620.0,11406.0,90.0,93.0,95.0,94.0,97.0,90.0,96.0,97.0,95.0,99.0,0.39639639639639646,0.945,0.94,0.31737681921795546,0.33429684783579944,0.649693303903588
239,3521,3521 -  Bild- och sändningstekniker,71.1,113.8,50.5,8.1,16.6,4.0,1407.0,457.0,950.0,,,,,,96.0,90.0,94.0,94.0,84.0,0.24096385542168672,,,0.48105263157894734,,
240,4116,4116 -  Skolassistenter m.fl.,129.5,133.3,82.1,13.6,13.8,10.8,5213.0,4823.0,390.0,96.0,98.0,,97.0,99.0,96.0,100.0,105.0,101.0,101.0,0.782608695652174,0.99,0.97,12.366666666666667,3.048611800974909,3.77731884057971
241,5152,5152 -  Fastighetsskötare,114.0,158.8,106.4,11.4,16.9,10.5,37977.0,5523.0,32454.0,96.0,96.0,96.0,97.0,97.0,95.0,94.0,95.0,100.0,97.0,0.6213017751479291,0.985,0.97,0.17017933074505454,0.31784009752810427,0.6866202764732459
242,6210,6210 -  Skogsarbetare,75.6,108.2,72.0,6.3,8.4,6.1,3095.0,305.0,2790.0,100.0,,,,,100.0,102.0,96.0,99.0,98.0,0.7261904761904762,,,0.10931899641577061,,
243,8121,"8121 -  Maskinoperatörer, ytbehandling",110.9,161.3,101.6,9.7,15.5,8.7,2805.0,434.0,2371.0,,,,,,103.0,104.0,101.0,98.0,98.0,0.5612903225806452,,,0.1830451286377056,,
244,8129,8129 -  Övriga maskin- och processoperatörer vid stål- och metallverk,107.4,149.0,100.1,8.3,12.7,7.6,6693.0,1007.0,5686.0,96.0,,98.0,97.0,100.0,96.0,96.0,98.0,97.0,100.0,0.5984251968503937,0.97,0.97,0.17710165318325713,0.31578244101137004,0.6788817125084128
245,8162,"8162 -  Maskinoperatörer, mejeri",95.1,172.2,66.0,10.1,19.7,6.4,1441.0,395.0,1046.0,,,,98.0,,90.0,101.0,94.0,98.0,107.0,0.32487309644670054,0.98,0.98,0.3776290630975143,0.34325403817653827,0.6656255398860538
246,8171,"8171 -  Processoperatörer, pappersmassa",74.3,129.8,66.3,5.2,7.4,4.9,2247.0,285.0,1962.0,99.0,98.0,98.0,96.0,98.0,99.0,98.0,98.0,96.0,98.0,0.6621621621621622,0.96,0.96,0.1452599388379205,0.29773256687609156,0.6818555252500207
247,8211,8211 -  Fordonsmontörer,117.3,167.2,110.8,11.2,15.2,10.7,5618.0,646.0,4972.0,98.0,102.0,,96.0,100.0,98.0,101.0,96.0,95.0,101.0,0.7039473684210527,0.955,0.96,0.12992759452936445,0.2895730204826966,0.6872187407376043
248,1371,"1371 -  Produktionschefer inom tillverkning, nivå 1",42.3,79.5,36.1,3.5,5.6,3.2,4133.0,591.0,3542.0,96.0,90.0,91.0,95.0,93.0,100.0,95.0,101.0,104.0,105.0,0.5714285714285715,0.995,0.95,0.1668548842461886,0.3002090503382219,0.67082086391869
249,2135,2135 -  Specialister och rådgivare inom skogsbruk,52.1,112.8,37.8,5.3,9.7,4.2,1766.0,337.0,1429.0,99.0,97.0,100.0,97.0,97.0,93.0,93.0,95.0,95.0,93.0,0.43298969072164956,0.96,0.97,0.2358292512246326,0.30836075316708494,0.6497047354865705
250,3121,"3121 -  Arbetsledare inom bygg, anläggning och gruva",62.2,89.9,59.8,5.4,7.5,5.2,12035.0,990.0,11045.0,,,94.0,92.0,90.0,,,90.0,90.0,89.0,0.6933333333333334,0.91,0.92,0.08963331824354911,0.22809742742205474,0.6532416628942206
251,3212,3212 -  Biomedicinska analytiker m.fl.,115.0,125.2,53.6,10.5,11.2,6.0,9701.0,8321.0,1380.0,98.0,97.0,97.0,99.0,98.0,97.0,95.0,97.0,100.0,100.0,0.5357142857142857,0.995,0.99,6.029710144927536,1.7837910038726215,2.1376061076604556
252,3313,3313 -  Redovisningsekonomer,67.7,76.9,32.6,6.9,7.8,3.2,21673.0,17170.0,4503.0,94.0,91.0,94.0,97.0,93.0,96.0,91.0,92.0,96.0,95.0,0.4102564102564103,0.965,0.97,3.813013546524539,1.2100724844107134,1.5395674891952373
253,3353,3353 -  Socialförsäkringshandläggare,118.6,130.2,67.1,14.5,16.1,7.5,15814.0,12921.0,2893.0,93.0,91.0,97.0,96.0,98.0,92.0,91.0,97.0,96.0,98.0,0.4658385093167701,0.96,0.96,4.466297960594539,1.384722576956216,1.7130341174778272
254,4225,4225 -  Kontorsreceptionister,114.6,125.5,59.5,12.1,13.2,6.6,12721.0,10620.0,2101.0,94.0,97.0,98.0,102.0,97.0,100.0,105.0,101.0,105.0,100.0,0.5,1.035,1.02,5.054735840076154,1.6334449219928409,1.9024339600190385
255,5141,5141 -  Frisörer,109.1,115.8,62.5,9.2,9.6,5.9,5538.0,4834.0,704.0,,,,,,,,,,,0.6145833333333334,,,6.8664772727272725,,
256,7523,"7523 -  Maskinsnickare och maskinoperatörer, träindustri",110.8,188.3,99.4,10.2,15.6,9.4,5760.0,738.0,5022.0,99.0,101.0,102.0,99.0,102.0,99.0,102.0,104.0,100.0,105.0,0.6025641025641026,0.995,0.99,0.14695340501792115,0.2953388585277816,0.683629376895506
257,8122,8122 -  Valsverksoperatörer,100.3,165.0,86.2,7.2,12.4,6.1,3830.0,685.0,3145.0,101.0,99.0,99.0,99.0,99.0,101.0,99.0,99.0,99.0,99.0,0.4919354838709677,0.99,0.99,0.2178060413354531,0.32405910661439835,0.6724353813016052
258,8311,8311 -  Lokförare,86.8,157.1,73.3,6.6,11.0,5.7,4437.0,713.0,3724.0,96.0,98.0,96.0,97.0,97.0,95.0,97.0,96.0,96.0,96.0,0.5181818181818182,0.965,0.97,0.1914607948442535,0.30474075405164125,0.661160653256518
259,9119,9119 -  Övrig hemservicepersonal m.fl.,164.3,174.5,94.1,11.2,11.9,6.9,2666.0,2326.0,340.0,,,99.0,,,,96.0,99.0,93.0,91.0,0.5798319327731093,,,6.841176470588235,,
260,9413,9413 -  Kafé- och konditoribiträden,73.5,77.5,55.9,8.0,8.9,4.2,5552.0,4515.0,1037.0,,,,,,96.0,90.0,102.0,96.0,97.0,0.47191011235955055,,,4.353905496624879,,
261,310,0310 -  Soldater m.fl.,23.3,48.0,20.6,1.7,2.6,1.6,5573.0,562.0,5011.0,100.0,98.0,,,,100.0,100.0,,,,0.6153846153846154,,,0.11215326282179205,,
262,1362,"1362 -  Driftchefer inom bygg, anläggning och gruva, nivå 2",48.0,84.6,45.5,4.5,6.1,4.4,11947.0,768.0,11179.0,108.0,98.0,110.0,100.0,98.0,111.0,102.0,109.0,102.0,100.0,0.7213114754098362,1.01,1.0,0.06870024152428661,0.2237181604176206,0.7000029292335307
263,1532,"1532 -  Enhetschefer inom äldreomsorg, nivå 2",105.0,110.6,66.9,11.9,12.6,6.6,8482.0,7406.0,1076.0,100.0,96.0,100.0,100.0,100.0,101.0,92.0,101.0,102.0,101.0,0.5238095238095238,1.01,1.0,6.882899628252788,1.908240461910102,2.354177288015578
264,2171,2171 -  Industridesigner,49.9,84.7,33.9,4.9,10.8,2.2,2065.0,649.0,1416.0,,108.0,101.0,102.0,,100.0,111.0,100.0,99.0,90.0,0.20370370370370372,1.005,1.02,0.4583333333333333,0.3093665122292471,0.6717592592592593
265,2351,2351 -  Speciallärare och specialpedagoger m.fl.,120.2,126.6,73.1,11.6,12.2,6.9,12879.0,11333.0,1546.0,100.0,100.0,100.0,101.0,100.0,101.0,100.0,102.0,103.0,103.0,0.5655737704918034,1.02,1.01,7.330530401034929,2.0666793610331484,2.481526042881683
266,2511,2511 -  Systemanalytiker och IT-arkitekter m.fl.,43.0,77.8,33.1,4.4,8.6,3.1,10897.0,2415.0,8482.0,94.0,95.0,92.0,93.0,97.0,94.0,95.0,92.0,93.0,92.0,0.3604651162790698,0.93,0.93,0.2847205847677435,0.29793670013546114,0.6262964252617034
267,2662,2662 -  Kuratorer,146.0,154.9,77.7,15.8,16.7,9.3,8530.0,7539.0,991.0,97.0,99.0,99.0,99.0,99.0,96.0,99.0,100.0,99.0,100.0,0.5568862275449102,0.99,0.99,7.6074672048435925,2.037691705825668,2.5360883580971256
268,3122,3122 -  Arbetsledare inom tillverkning,64.1,102.8,57.1,4.6,8.0,4.0,7251.0,1119.0,6132.0,90.0,97.0,96.0,91.0,94.0,92.0,98.0,98.0,91.0,95.0,0.5,0.91,0.91,0.1824853228962818,0.27487824203673433,0.6256213307240706
269,3343,3343 -  Chefssekreterare och VD-assistenter m.fl.,72.0,75.7,39.9,7.3,7.6,4.4,3638.0,3262.0,376.0,,95.0,,,99.0,97.0,100.0,96.0,110.0,104.0,0.5789473684210527,,,8.675531914893616,,
270,3354,3354 -  Säkerhetsinspektörer m.fl.,97.4,137.2,89.6,9.2,17.3,7.7,3585.0,583.0,3002.0,99.0,,,100.0,99.0,100.0,98.0,100.0,103.0,102.0,0.44508670520231214,1.015,1.0,0.19420386409060628,0.29619946214625414,0.6635726423232295
271,4111,4111 -  Ekonomiassistenter m.fl.,80.4,85.0,44.4,9.1,9.6,5.5,34480.0,30518.0,3962.0,97.0,98.0,96.0,96.0,91.0,102.0,100.0,98.0,98.0,98.0,0.5729166666666667,0.97,0.96,7.702675416456335,2.027159918378285,2.5513980207807503
272,5330,5330 -  Vårdbiträden,136.1,151.1,70.0,13.3,14.9,6.2,73877.0,60200.0,13677.0,100.0,99.0,100.0,100.0,99.0,100.0,100.0,101.0,101.0,101.0,0.4161073825503356,1.005,1.0,4.401550047525042,1.356714803039736,1.7056643575188444
273,6111,"6111 -  Odlare av jordbruksväxter, frukt- och bär",47.1,40.6,47.7,6.3,8.8,6.0,5561.0,468.0,5093.0,,,,,,,,,,,0.6818181818181818,,,0.09189083055173768,,
274,7223,"7223 -  Maskinställare och maskinoperatörer, metallarbete",108.2,176.5,96.4,8.6,15.1,7.5,48612.0,7152.0,41460.0,95.0,95.0,96.0,98.0,94.0,95.0,95.0,96.0,98.0,94.0,0.49668874172185434,0.98,0.98,0.17250361794500724,0.2868582454522896,0.6572980899167153
275,8173,"8173 -  Operatörer inom sågverk, hyvleri och plywood m.m.",109.1,142.9,105.8,8.8,12.9,8.4,6911.0,616.0,6295.0,98.0,101.0,102.0,99.0,100.0,97.0,100.0,100.0,100.0,99.0,0.6511627906976745,0.995,0.99,0.09785544082605242,0.2505338511964829,0.6835045578809317
276,1120,1120 -  Verkställande direktörer m.fl.,30.3,57.3,25.1,3.7,7.0,3.1,20743.0,3336.0,17407.0,84.0,79.0,81.0,89.0,95.0,88.0,81.0,84.0,91.0,100.0,0.4428571428571429,0.9,0.89,0.1916470385477107,0.2607348848975637,0.6061260453512134
277,1372,"1372 -  Produktionschefer inom tillverkning, nivå 2",39.6,70.3,35.2,3.9,6.7,3.5,10833.0,1351.0,9482.0,,,100.0,95.0,,92.0,97.0,104.0,100.0,,0.5223880597014925,0.975,0.95,0.14248048934823876,0.2625659651034757,0.6474671372624329
278,2144,2144 -  Civilingenjörsyrken inom maskinteknik,50.2,95.7,38.7,4.8,9.6,3.5,15020.0,3030.0,11990.0,93.0,92.0,95.0,94.0,94.0,93.0,94.0,97.0,94.0,94.0,0.36458333333333337,0.94,0.94,0.2527105921601334,0.28532378853433565,0.6243234813733667
279,2173,2173 -  Designer inom spel och digitala medier,45.0,80.2,34.4,4.8,10.7,3.0,2157.0,499.0,1658.0,,,,94.0,100.0,,87.0,105.0,91.0,99.0,0.28037383177570097,0.925,0.94,0.30096501809408926,0.2708703952074745,0.6115847124674476
280,2239,2239 -  Övriga specialistsjuksköterskor,120.6,123.5,83.0,12.2,12.5,7.7,7232.0,6714.0,518.0,96.0,97.0,98.0,98.0,96.0,98.0,97.0,97.0,99.0,95.0,0.616,0.985,0.98,12.961389961389962,2.7761779326105005,3.8855974903474904
281,2414,2414 -  Traders och fondförvaltare,34.6,66.1,19.2,2.7,6.3,1.0,1707.0,560.0,1147.0,81.0,79.0,76.0,79.0,75.0,72.0,73.0,72.0,76.0,71.0,0.15873015873015872,0.775,0.79,0.4882301656495205,0.21782434998743241,0.5529900810949198
282,2512,2512 -  Mjukvaru- och systemutvecklare m.fl.,43.3,85.1,32.3,4.1,8.6,3.0,61950.0,12821.0,49129.0,96.0,96.0,98.0,101.0,98.0,96.0,97.0,96.0,101.0,98.0,0.3488372093023256,1.01,1.01,0.2609660282114433,0.3047367022368197,0.6574508093784422
283,3113,3113 -  Ingenjörer och tekniker inom elektroteknik,49.4,77.5,45.1,4.4,8.0,3.9,23559.0,3111.0,20448.0,95.0,96.0,95.0,96.0,,95.0,93.0,95.0,92.0,,0.4875,0.94,0.96,0.15214201877934272,0.2587089424457695,0.6349105046948357
284,3213,3213 -  Receptarier,124.1,131.3,52.0,11.0,11.4,6.5,3586.0,3259.0,327.0,92.0,95.0,96.0,100.0,100.0,94.0,95.0,103.0,108.0,104.0,0.5701754385964912,1.04,1.0,9.966360856269112,2.4310238870343315,3.144134073716401
285,3451,3451 -  Köksmästare och souschefer,72.5,101.7,64.7,6.8,14.5,4.8,1932.0,403.0,1529.0,,,,,,109.0,,,,103.0,0.3310344827586207,,,0.26357096141268804,,
286,7311,7311 -  Finmekaniker,78.2,140.9,70.4,7.3,12.2,6.7,2685.0,298.0,2387.0,,,,,,,,,,89.0,0.5491803278688525,,,0.12484289903644742,,
287,8192,"8192 -  Processövervakare, kemisk industri",87.8,159.6,75.4,7.4,13.7,6.3,5333.0,783.0,4550.0,96.0,93.0,90.0,91.0,91.0,95.0,93.0,89.0,90.0,91.0,0.45985401459854014,0.905,0.91,0.17208791208791208,0.2552878581345946,0.6117354816716131
288,8329,"8329 -  Övriga bil-, motorcykel- och cykelförare",101.8,176.2,92.3,9.9,16.6,9.0,5992.0,681.0,5311.0,,,,,,94.0,93.0,91.0,90.0,96.0,0.5421686746987951,,,0.1282244398418377,,
289,8331,8331 -  Buss- och spårvagnsförare,165.1,283.0,146.0,15.0,27.9,12.9,21163.0,2954.0,18209.0,99.0,99.0,,98.0,98.0,98.0,99.0,99.0,98.0,98.0,0.4623655913978495,0.98,0.98,0.162227469932451,0.2683990824002073,0.6461482653325751
290,9332,"9332 -  Ramppersonal, flyttkarlar och varupåfyllare m.fl.",109.8,190.1,101.2,8.3,13.4,7.7,5210.0,505.0,4705.0,,,,,,101.0,103.0,103.0,94.0,,0.5746268656716418,,,0.1073326248671626,,
291,9610,9610 -  Renhållnings- och återvinningsarbetare,131.0,159.1,127.9,11.5,19.4,10.6,7789.0,773.0,7016.0,99.0,99.0,99.0,99.0,101.0,98.0,98.0,98.0,98.0,100.0,0.5463917525773196,0.985,0.99,0.11017673888255416,0.24228846415838265,0.6578921228649686
292,2111,2111 -  Fysiker och astronomer,43.2,86.1,29.4,3.9,8.9,2.3,1711.0,418.0,1293.0,95.0,94.0,94.0,97.0,96.0,92.0,92.0,91.0,100.0,95.0,0.2584269662921348,0.985,0.97,0.32327919566898683,0.28252818239746325,0.6341765404902803
293,2143,2143 -  Civilingenjörsyrken inom elektroteknik,42.4,77.1,35.7,3.6,7.5,2.8,24182.0,3903.0,20279.0,95.0,96.0,95.0,97.0,98.0,94.0,95.0,94.0,95.0,98.0,0.3733333333333333,0.96,0.97,0.19246511169189803,0.2586698883702256,0.6239496112563078
294,2281,2281 -  Apotekare,114.6,124.3,54.0,10.1,10.9,4.9,2826.0,2437.0,389.0,97.0,,96.0,92.0,94.0,98.0,107.0,96.0,93.0,95.0,0.44954128440366975,0.925,0.92,6.26478149100257,1.5481125631541015,2.13983069385156
295,2663,2663 -  Biståndsbedömare m.fl.,143.1,147.1,90.7,17.6,18.2,10.4,4976.0,4623.0,353.0,100.0,100.0,100.0,101.0,101.0,100.0,101.0,101.0,102.0,102.0,0.5714285714285715,1.015,1.01,13.096317280453258,2.769805527991003,3.9231864629704574
296,3114,3114 -  Ingenjörer och tekniker inom maskinteknik,59.1,101.6,51.5,5.0,10.0,4.1,17792.0,2697.0,15095.0,94.0,97.0,96.0,,,95.0,99.0,98.0,89.0,88.0,0.41,,,0.17866843325604506,,
297,3311,3311 -  Mäklare inom finans,39.2,95.5,21.7,2.3,5.3,1.4,1327.0,314.0,1013.0,,,61.0,,71.0,,,50.0,,64.0,0.2641509433962264,,,0.3099703849950642,,
298,3342,3342 -  Domstols- och juristsekreterare m.fl.,100.5,107.3,43.7,10.6,11.2,5.5,2368.0,2116.0,252.0,90.0,91.0,94.0,98.0,,86.0,87.0,90.0,91.0,99.0,0.4910714285714286,0.945,0.98,8.396825396825397,1.9541542288161393,2.7032242063492067
299,4112,4112 -  Löne- och personaladministratörer,100.6,104.4,64.4,10.2,10.7,5.6,12667.0,11441.0,1226.0,97.0,99.0,93.0,98.0,98.0,99.0,98.0,97.0,102.0,100.0,0.5233644859813084,1.0,0.98,9.331973898858076,2.1877712970764347,2.958834596209846
300,5321,"5321 -  Undersköterskor, hemtjänst, hemsjukvård och äldreboende",204.1,211.1,116.4,20.5,21.2,12.0,135378.0,125350.0,10028.0,100.0,100.0,100.0,100.0,100.0,102.0,101.0,101.0,102.0,101.0,0.5660377358490566,1.01,1.0,12.5,2.6732426779277523,3.769009433962264
301,7132,7132 -  Lackerare och industrimålare,109.8,181.8,102.8,10.3,17.4,9.6,4718.0,418.0,4300.0,,,,,,95.0,84.0,90.0,83.0,91.0,0.5517241379310345,,,0.09720930232558139,,
302,8193,"8193 -  Processövervakare, metallproduktion",111.0,179.5,99.4,8.0,16.0,6.6,2423.0,351.0,2072.0,97.0,98.0,99.0,98.0,95.0,97.0,98.0,99.0,98.0,95.0,0.4125,0.98,0.98,0.1694015444015444,0.259057836858563,0.6354753861003861
303,8199,8199 -  Övriga drifttekniker och processövervakare,86.0,119.4,80.0,6.9,14.0,5.6,2464.0,377.0,2087.0,98.0,101.0,101.0,102.0,100.0,99.0,102.0,101.0,103.0,101.0,0.39999999999999997,1.025,1.02,0.1806420699568759,0.2748536222354828,0.656410517489219
304,8321,8321 -  Taxiförare m.fl.,110.4,177.0,102.6,10.4,18.3,9.5,8172.0,853.0,7319.0,,,,,,,,108.0,87.0,,0.5191256830601093,,,0.11654597622626042,,
305,2221,2221 -  Grundutbildade sjuksköterskor,132.8,139.5,74.0,12.7,13.4,6.5,44014.0,39511.0,4503.0,95.0,95.0,96.0,95.0,94.0,97.0,98.0,98.0,95.0,95.0,0.48507462686567165,0.95,0.95,8.774372640461914,1.9599090654756306,2.7898618168318965
306,2235,2235 -  Röntgensjuksköterskor,143.8,156.1,87.2,12.2,13.9,4.4,3144.0,2582.0,562.0,97.0,97.0,97.0,96.0,96.0,99.0,99.0,98.0,98.0,99.0,0.3165467625899281,0.97,0.96,4.594306049822064,1.1637250500942664,1.710213203102998
307,5411,5411 -  Brandmän,93.4,130.3,91.1,6.5,11.1,6.2,5259.0,307.0,4952.0,97.0,98.0,96.0,96.0,97.0,92.0,94.0,93.0,93.0,95.0,0.5585585585585586,0.945,0.96,0.061995153473344104,0.17724122617258967,0.6313884280079757
308,7231,7231 -  Motorfordonsmekaniker och fordonsreparatörer,86.9,129.8,85.8,7.6,11.1,7.5,27714.0,678.0,27036.0,98.0,96.0,,95.0,93.0,98.0,94.0,,91.0,93.0,0.6756756756756757,0.93,0.95,0.025077674212161564,0.12235340143286738,0.6451883374719593
309,7233,7233 -  Underhållsmekaniker och maskinreparatörer,96.5,161.7,93.0,7.8,13.2,7.5,23821.0,1206.0,22615.0,97.0,101.0,,103.0,97.0,96.0,100.0,103.0,102.0,95.0,0.5681818181818182,1.025,1.03,0.05332743754145479,0.17885437541409926,0.6691273139308183
310,7420,7420 -  Elektronikreparatörer och kommunikationselektriker m.fl.,62.7,105.0,61.0,5.5,8.8,5.3,9364.0,362.0,9002.0,,,97.0,,,88.0,89.0,96.0,103.0,80.0,0.6022727272727272,,,0.040213285936458565,,
311,8332,8332 -  Lastbilsförare m.fl.,108.9,181.4,104.2,9.4,16.5,9.0,44949.0,2734.0,42215.0,100.0,,,,99.0,98.0,103.0,100.0,98.0,100.0,0.5454545454545454,,,0.06476370958190217,,
312,1791,"1791 -  Chefer inom övrig servicenäring, nivå 1",47.7,74.1,41.3,4.0,10.1,2.5,1803.0,351.0,1452.0,95.0,98.0,93.0,93.0,93.0,92.0,100.0,98.0,99.0,103.0,0.24752475247524752,0.96,0.93,0.24173553719008264,0.23113018041322073,0.5948150724163325
313,3432,"3432 -  Inredare, dekoratörer och scenografer m.fl.",128.1,140.1,68.6,11.7,13.2,4.2,2600.0,2163.0,437.0,,,,,,92.0,88.0,81.0,93.0,91.0,0.31818181818181823,,,4.949656750572083,,
314,3511,"3511 -  Drifttekniker, IT",63.1,123.3,53.2,6.2,13.8,4.9,10025.0,1427.0,8598.0,95.0,,99.0,95.0,96.0,93.0,89.0,96.0,92.0,96.0,0.35507246376811596,0.935,0.95,0.16596882996045592,0.2287912289194692,0.601510323432143
315,3514,3514 -  Nätverks- och systemtekniker m.fl.,53.7,89.4,49.6,5.0,10.1,4.4,10668.0,1108.0,9560.0,96.0,100.0,103.0,98.0,99.0,98.0,101.0,105.0,97.0,98.0,0.4356435643564357,0.975,0.98,0.11589958158995815,0.21964530834342316,0.6266357864865985
316,5323,"5323 -  Undersköterskor, vård- och specialavdelning",182.2,189.7,104.0,16.9,17.8,8.3,36074.0,32912.0,3162.0,98.0,98.0,99.0,99.0,99.0,101.0,101.0,102.0,102.0,101.0,0.4662921348314607,1.005,0.99,10.408602150537634,2.1974847891015603,3.217473571342274
317,5324,"5324 -  Undersköterskor, mottagning",168.9,171.6,115.3,15.2,15.6,7.5,6204.0,5909.0,295.0,94.0,98.0,97.0,95.0,99.0,96.0,98.0,100.0,97.0,104.0,0.4807692307692308,0.96,0.95,20.030508474576273,2.9635464501049404,5.605319426336376
318,7119,7119 -  Övriga byggnads- och anläggningsarbetare,96.8,157.0,95.2,7.4,13.7,7.2,13510.0,363.0,13147.0,,,,,,,,94.0,,81.0,0.5255474452554745,,,0.02761086179356507,,
319,8191,8191 -  Drifttekniker vid värme- och vattenverk,84.4,137.5,78.7,8.2,18.0,7.2,7835.0,749.0,7086.0,97.0,96.0,98.0,96.0,96.0,97.0,96.0,97.0,95.0,95.0,0.4,0.955,0.96,0.10570138300874965,0.1968827345832251,0.6051753457521873
320,2343,2343 -  Förskollärare,156.4,159.6,82.5,15.5,15.8,7.6,70090.0,67219.0,2871.0,101.0,101.0,101.0,101.0,102.0,105.0,106.0,106.0,105.0,106.0,0.48101265822784806,1.03,1.01,23.413096482062,3.4228430004839314,6.483527285072462
321,5227,5227 -  Apotekstekniker,117.1,129.8,55.8,11.9,13.7,3.2,3135.0,2597.0,538.0,100.0,103.0,100.0,102.0,102.0,107.0,104.0,101.0,102.0,105.0,0.23357664233576644,1.02,1.02,4.827137546468402,1.0830779501203769,1.775178547201042
322,5311,5311 -  Barnskötare,151.6,160.8,68.7,14.4,15.5,5.1,84096.0,75680.0,8416.0,100.0,101.0,100.0,100.0,100.0,107.0,107.0,105.0,105.0,105.0,0.3290322580645161,1.025,1.0,8.992395437262358,1.7414815188611024,2.8366069238317184
323,7111,"7111 -  Träarbetare, snickare m.fl.",105.9,189.3,105.0,8.1,16.1,8.1,38669.0,391.0,38278.0,,,,,,,,94.0,91.0,88.0,0.5031055900621118,,,0.010214744762004284,,
324,7212,7212 -  Svetsare och gasskärare,108.7,222.0,104.4,9.1,20.3,8.7,12452.0,455.0,11997.0,,94.0,95.0,93.0,97.0,88.0,93.0,93.0,95.0,96.0,0.42857142857142855,0.94,0.93,0.0379261482037176,0.11920277817895603,0.5841243941937865
325,8342,8342 -  Anläggningsmaskinförare m.fl.,68.7,136.5,67.1,6.1,13.4,6.0,11784.0,271.0,11513.0,,,,,,,128.0,96.0,105.0,89.0,0.44776119402985076,,,0.023538608529488404,,
326,2273,2273 -  Arbetsterapeuter,126.8,131.6,60.4,11.8,12.4,4.1,8449.0,7870.0,579.0,101.0,102.0,101.0,101.0,101.0,99.0,102.0,102.0,103.0,102.0,0.33064516129032256,1.02,1.01,13.592400690846286,2.151740741031256,3.988261463034152
327,7411,7411 -  Installations- och serviceelektriker,82.8,135.8,81.8,6.1,14.9,6.0,26991.0,486.0,26505.0,,,,99.0,,92.0,95.0,91.0,94.0,,0.40268456375838924,0.965,0.99,0.01833616298811545,0.083988142285537,0.5940051816866262
328,7114,7114 -  Anläggningsarbetare,102.5,202.9,98.7,8.5,25.6,7.9,14708.0,547.0,14161.0,,,,,,85.0,88.0,96.0,95.0,78.0,0.30859375,,,0.0386272155921192,,
329,4117,"4117 -  Medicinska sekreterare, vårdadministratörer m.fl.",150.1,151.3,88.6,15.5,15.7,4.6,17150.0,16834.0,316.0,99.0,99.0,,98.0,101.0,106.0,107.0,103.0,104.0,105.0,0.2929936305732484,1.01,0.98,53.27215189873418,3.930546463418089,13.888786382326856
330,110,0110 -  Officerare,40.3,,,2.8,,,1242.0,,,,,,,,,,,,,,,,,,
331,210,0210 -  Specialistofficerare,25.5,,,2.1,,,824.0,,,99.0,,,,,92.0,,,,,,,,,,
332,1111,1111 -  Politiker,,,,,,,371.0,,,,,,,,,,,,,,,,,,
333,1351,"1351 -  Fastighets- och förvaltningschefer, nivå 1",39.7,,,4.8,,,604.0,,,,,,,,,110.0,116.0,,,,,,,,
334,1380,1380 -  Förvaltare inom skogsbruk och lantbruk m.fl.,32.1,,,2.7,,,561.0,,,,,,,,,,,,,,,,,,
335,1422,"1422 -  Förskolechefer, nivå 2",93.2,,,9.1,,,3970.0,,,,,,97.0,97.0,102.0,101.0,104.0,92.0,95.0,,0.945,0.97,,,
336,1491,"1491 -  Övriga avdelningschefer inom utbildning, nivå 1",,,,,,,168.0,,,,,,,,,,,,,,,,,,
337,1531,"1531 -  Avdelningschefer inom äldreomsorg, nivå 1",70.6,,,6.5,,,907.0,,,99.0,98.0,96.0,,100.0,99.0,98.0,97.0,,105.0,,,,,,
338,1540,1540 -  Chefer och ledare inom trossamfund,64.3,,,6.0,,,669.0,,,106.0,99.0,102.0,,,108.0,99.0,104.0,,,,,,,,
339,1711,"1711 -  Hotell- och konferenschefer, nivå 1",,,,,,,468.0,,,,,,,,,,,,,,,,,,
340,1741,"1741 -  Chefer inom friskvård, sport och fritid, nivå 1",,,,,,,109.0,,,,,,,,,,,,,,,,,,
341,2112,2112 -  Meteorologer,,,,,,,153.0,,,,,,,,,,,,,,,,,,
342,2121,2121 -  Matematiker och aktuarier,44.9,,,5.7,,,602.0,,,97.0,,98.0,,,93.0,86.0,104.0,105.0,100.0,,,,,,
343,2133,2133 -  Farmakologer och biomedicinare,57.0,,,4.9,,,1227.0,,,,,,,,93.0,77.0,89.0,97.0,84.0,,,,,,
344,2146,2146 -  Civilingenjörsyrken inom gruvteknik och metallurgi,34.9,,,4.0,,,516.0,,,,,93.0,,88.0,98.0,,90.0,85.0,89.0,,,,,,
345,2222,2222 -  Barnmorskor,148.6,,,13.8,,,5762.0,,,,,,,,,,,,,,,,,,
346,2224,2224 -  Distriktssköterskor,133.9,,,15.1,,,7619.0,,,99.0,100.0,98.0,98.0,,99.0,101.0,99.0,98.0,99.0,,0.98,0.98,,,
347,2231,2231 -  Operationssjuksköterskor,158.4,,,13.7,,,2973.0,,,94.0,96.0,96.0,97.0,99.0,99.0,100.0,100.0,99.0,102.0,,0.98,0.97,,,
348,2232,2232 -  Barnsjuksköterskor,135.1,,,14.0,,,3649.0,,,99.0,,,,,97.0,,,,,,,,,,
349,2233,2233 -  Skolsköterskor,109.7,,,11.1,,,3254.0,,,,,,,,,,,,,,,,,,
350,2234,2234 -  Företagssköterskor,118.3,,,12.3,,,803.0,,,,,,,,,,,,,,,,,,
351,2242,2242 -  Psykoterapeuter,77.4,,,13.0,,,672.0,,,,,,,,,,,,,,,,,,
352,2271,2271 -  Kiropraktorer och naprapater m.fl.,,,,,,,467.0,,,,,,,,,,,,,,,,,,
353,2282,2282 -  Dietister,121.1,,,14.6,,,1090.0,,,,,,,,,,,,,,,,,,
354,2283,2283 -  Audionomer och logopeder,122.5,,,15.8,,,2555.0,,,,,102.0,,,105.0,107.0,106.0,105.0,105.0,,,,,,
355,2289,2289 -  Övriga specialister inom hälso- och sjukvård,88.5,,,9.8,,,1074.0,,,89.0,94.0,92.0,94.0,93.0,88.0,92.0,89.0,91.0,90.0,,0.925,0.94,,,
356,2516,2516 -  IT-säkerhetsspecialister,45.6,,,4.5,,,1578.0,,,,,,,,94.0,97.0,88.0,98.0,88.0,,,,,,
357,2651,2651 -  Bildkonstnärer m.fl.,,,,,,,476.0,,,,,,,,,,,,,,,,,,
358,2653,2653 -  Koreografer och dansare,,,,,,,277.0,,,,,,,,,,,,,,,,,,
359,2672,2672 -  Diakoner,158.0,,,18.9,,,1152.0,,,98.0,98.0,99.0,,,98.0,97.0,99.0,,,,,,,,
360,3116,3116 -  Ingenjörer och tekniker inom gruvteknik och metallurgi,66.6,,,6.5,,,691.0,,,92.0,94.0,93.0,,,92.0,95.0,93.0,93.0,95.0,,,,,,
361,3151,3151 -  Maskinbefäl,32.6,,,3.1,,,583.0,,,,,,,,,,,,,,,,,,
362,3152,3152 -  Fartygsbefäl m.fl.,48.8,,,3.2,,,1210.0,,,,,,,,,,,,,,,,,,
363,3153,3153 -  Piloter m.fl.,95.7,,,7.8,,,1463.0,,,,,,,,,,,,,,,,,,
364,3155,3155 -  Flygtekniker,74.3,,,4.1,,,807.0,,,,,,,,,,,,,,,,,,
365,3230,3230 -  Terapeuter inom alternativmedicin,,,,,,,122.0,,,,,,,,,,,,,,,,,,
366,3240,3240 -  Djursjukskötare m.fl.,150.7,,,15.5,,,1958.0,,,,97.0,95.0,90.0,98.0,101.0,92.0,92.0,96.0,97.0,,0.93,0.9,,,
367,3250,3250 -  Tandhygienister,143.6,,,11.5,,,3468.0,,,,,,,,,,,,113.0,,,,,,
368,3421,3421 -  Professionella idrottsutövare,182.0,,,12.4,,,1313.0,,,,,,,,,,,,,,,,,,
369,3424,3424 -  Friskvårdskonsulenter och hälsopedagoger m.fl.,105.1,,,11.8,,,1056.0,,,,,,,,105.0,101.0,90.0,83.0,83.0,,,,,,
370,3433,3433 -  Inspicienter och scriptor m.fl.,56.9,,,5.3,,,756.0,,,,,,,,97.0,103.0,90.0,,,,,,,,
371,3452,3452 -  Storhushållsföreståndare,111.7,,,13.7,,,1298.0,,,,,,,,,,,,,,,,,,
372,4211,4211 -  Croupierer och oddssättare m.fl.,,,,,,,475.0,,,,,,88.0,,,,,91.0,89.0,,0.895,0.88,,,
373,5142,5142 -  Hudterapeuter,131.6,,,13.3,,,828.0,,,,,,,,,,,,,,,,,,
374,5143,5143 -  Massörer och massageterapeuter,78.9,,,7.7,,,697.0,,,,,,,,,,,,,,,,,,
375,5149,5149 -  Övriga skönhets- och kroppsterapeuter,90.1,,,10.0,,,655.0,,,,,,,,,,,,,,,,,,
376,5325,5325 -  Barnsköterskor,184.1,,,19.1,,,1472.0,,,,,,,,,,,,,,,,,,
377,5326,5326 -  Ambulanssjukvårdare,153.8,,,13.2,,,988.0,,,98.0,97.0,98.0,98.0,,96.0,95.0,98.0,98.0,93.0,,0.98,0.98,,,
378,5350,5350 -  Tandsköterskor,134.7,,,12.7,,,9842.0,,,,,,,,,,,,,,,,,,
379,6122,6122 -  Uppfödare och skötare av sällskapsdjur,161.2,,,17.0,,,769.0,,,,,,,,,,,,,,,,,,
380,6129,6129 -  Övriga djuruppfödare och djurskötare,122.0,,,11.0,,,959.0,,,,,,,,,,,,,,,,,,
381,6221,6221 -  Fiskodlare,,,,,,,206.0,,,,,,,,,,,,,,,,,,
382,6222,6222 -  Fiskare,46.0,,,7.5,,,565.0,,,,,,,,,,,,,,,,,,
383,7112,7112 -  Murare m.fl.,104.2,,,8.7,,,6620.0,,,,,,,,,,,,,,,,,,
384,7113,7113 -  Betongarbetare,133.2,,,9.8,,,8218.0,,,,,,,,,,,83.0,,,,,,,
385,7115,7115 -  Anläggningsdykare,,,,,,,186.0,,,,,,,,,,,,,,,,,,
386,7121,7121 -  Takmontörer,108.0,,,9.5,,,3056.0,,,,,,,,,,,,,,,,,,
387,7122,7122 -  Golvläggare,104.7,,,7.9,,,3409.0,,,,,,,,,,,,,,,,,,
388,7123,7123 -  Isoleringsmontörer,107.3,,,8.7,,,1659.0,,,,,,,,,,,,,,,,,,
389,7124,7124 -  Glastekniker,84.2,,,7.5,,,2162.0,,,,,,,,,,,,,,,,,,
390,7125,7125 -  VVS-montörer m.fl.,98.5,,,7.6,,,16367.0,,,,,,,,,,,,,,,,,,
391,7126,7126 -  Kyl- och värmepumpstekniker m.fl.,94.3,,,7.9,,,3108.0,,,,,,,,,,,,,,,,,,
392,7133,7133 -  Skorstensfejare,111.6,,,8.1,,,842.0,,,,,,,,,,,,,,,,,,
393,7211,7211 -  Gjutare,116.3,,,10.5,,,1015.0,,,,,,,,,,,,,,,,,,
394,7213,7213 -  Byggnads- och ventilationsplåtslagare,106.5,,,8.2,,,4638.0,,,,,,,,,,,,,,,,,,
395,7214,7214 -  Tunnplåtslagare,99.2,,,7.7,,,3427.0,,,,,,,,,,,,,,,,,,
396,7215,7215 -  Stålkonstruktionsmontörer och grovplåtsslagare,103.4,,,8.5,,,1664.0,,,,,,,,,,,,,,,,,,
397,7221,7221 -  Smeder,119.6,,,9.9,,,2667.0,,,,,,,,,,,,,,,,,,
398,7222,7222 -  Verktygsmakare,75.7,,,5.2,,,2232.0,,,,,,,,,,,,,,,,,,
399,7224,7224 -  Slipare m.fl.,105.3,,,11.4,,,1140.0,,,,,,,,,,,,,,,,,,
400,7232,7232 -  Flygmekaniker m.fl.,,,,,,,401.0,,,,,,,,,,,,,,,,,,
401,7312,7312 -  Guld- och silversmeder,,,,,,,330.0,,,,,,,,,,,,,,,,,,
402,7412,7412 -  Industrielektriker,76.3,,,5.9,,,6199.0,,,,,,,89.0,,,,85.0,89.0,,,,,,
403,7413,7413 -  Distributionselektriker,78.2,,,5.1,,,2879.0,,,,,,,,,,,,,,,,,,
404,7522,"7522 -  Fin-, inrednings- och möbelsnickare",87.0,,,8.3,,,3929.0,,,,,,,,,,,,,,,,,,
405,7531,7531 -  Skräddare och ateljésömmerskor m.fl.,102.5,,,13.5,,,976.0,,,,,,,,,,,,,,,,,,
406,7532,7532 -  Sömmare,114.7,,,11.7,,,654.0,,,,,,,,,,,,,,,,,,
407,7533,7533 -  Tapetserare,,,,,,,442.0,,,,,,,,,,,,,,,,,,
408,7534,7534 -  Läderhantverkare och skomakare,,,,,,,277.0,,,,,,,,,,,,,,,,,,
409,7613,7613 -  Provsmakare och kvalitetsbedömare,,,,,,,173.0,,,,,,,,,,,,,,,,,,
410,7619,7619 -  Övriga livsmedelsförädlare,,,,,,,479.0,,,,,,,,,,,,,,,,,,
411,8111,8111 -  Gruv- och stenbrottsarbetare,113.4,,,7.6,,,3288.0,,,93.0,86.0,102.0,98.0,,96.0,88.0,100.0,98.0,,,0.98,0.98,,,
412,8112,"8112 -  Processoperatörer, stenkross- och malmförädlingsanläggning",80.9,,,5.2,,,1668.0,,,,105.0,106.0,,100.0,,105.0,106.0,,100.0,,,,,,
413,8113,8113 -  Brunnsborrare m.fl.,,,,,,,421.0,,,,,,,,,,,,,,,,,,
414,8114,"8114 -  Maskinoperatörer, cement-, sten- och betongvaror",115.4,,,9.6,,,1603.0,,,,,,,,,,,,,,,,,,
415,8116,8116 -  Stenhuggare m.fl.,103.7,,,6.9,,,617.0,,,,,,,,,,,,,,,,,,
416,8174,"8174 -  Maskinoperatörer inom ytbehandling, trä",122.6,,,13.3,,,571.0,,,,,,,,,,,,,,,,,,
417,8312,8312 -  Bangårdspersonal,116.9,,,9.6,,,1078.0,,,,97.0,98.0,99.0,99.0,,95.0,96.0,98.0,99.0,,0.985,0.99,,,
418,8341,8341 -  Förare av jordbruks- och skogsmaskiner,56.8,,,4.6,,,4968.0,,,,,,,,,,,,,,,,,,
419,8343,8343 -  Kranförare m.fl.,105.9,,,9.0,,,1313.0,,,,,,,,,,,,,,,,,,
420,8350,8350 -  Matroser och jungmän m.fl.,72.4,,,8.4,,,870.0,,,,,,,,,,,,,,,,,,
421,9310,9310 -  Grovarbetare inom bygg och anläggning,105.3,,,8.3,,,5425.0,,,,,,,,,,,90.0,,,,,,,
422,9331,9331 -  Hamnarbetare,100.6,,,8.4,,,2187.0,,,,,,,,,,,,,,,,,,
423,9520,9520 -  Torg- och marknadsförsäljare,,,,,,,127.0,,,,,,,,,,,,,,,,,,
424,0,,,,,,,,,,,95.0,95.0,96.0,96.0,96.0,87.0,87.0,88.0,89.0,89.0,,0.925,0.96,,,
425,1,,,,,,,,,,,,,,,,,,,,,,,,,,
426,2,,,,,,,,,,,,,,,,,,,,,,,,,,
427,1421,,,,,,,,,,,,,,,,,,,,,,,,,,
428,5144,,,,,,,,,,,,,,,,,,,,,,,,,,
429,7116,,,,,,,,,,,,,,,,,,,,,,,,,,
430,7521,,,,,,,,,,,,,,,,,,,,,,,,,,
431,8115,,,,,,,,,,,,,,,,,,,,,,,,,,
